verified_at	system_id	display_name	runtime	profile	core_or_emulator	content	status	video	audio	input	performance	exit_fe_return	notes	source
2026-06-16	nes	NES	RA	retroarch:fceumm	fceumm	user ROM	pass	ok	ok	ok	ok	unknown	User confirmed video/audio/input/performance; performance is accepted when at least one ROM runs satisfactorily.	user_report_2026-06-16
2026-06-15	nes	NES	PICO	picoarch:fceumm	fceumm	いっき.zip	pass	ok	ok	ok	ok	unknown	Direct Mali/EGL present confirmed orientation, no mirror flip, Native/Aspect/Full, Scanline/DMG/LCD, and stable 60fps audio.	docs/emulator-build-targets.md
2026-06-16	gb	GB	RA	retroarch:gambatte	gambatte	user ROM	pass	ok	ok	ok	ok	unknown	User confirmed video/audio/input/performance; performance is accepted when at least one ROM runs satisfactorily.	user_report_2026-06-16
2026-06-16	atari5200	Atari 5200	RA	retroarch:atari800	atari800	user ROM	pass	ok	ok	ok	ok	ok	User confirmed Atari 5200 works through RetroArch.	user_report_2026-06-16
2026-06-16	atari5200	Atari 5200	PICO	picoarch:atari800	atari800	user ROM	pass	ok	ok	ok	ok	ok	User confirmed Atari 5200 works through PicoArch.	user_report_2026-06-16
2026-06-16	atari800	Atari 8-bit	RA	retroarch:atari800	atari800	user ROM	pass	ok	ok	ok	ok	ok	User confirmed Atari 800 works through RetroArch.	user_report_2026-06-16
2026-06-16	atari800	Atari 8-bit	PICO	picoarch:atari800	atari800	user ROM	pass	ok	ok	ok	ok	ok	User confirmed Atari 800 works through PicoArch.	user_report_2026-06-16
2026-06-16	arcade	Arcade	RA	retroarch:mame2000	mame2000	other ROM	pass	ok	ok	ok	ok	ok	User confirmed video/audio/input/performance; performance is accepted when at least one ROM runs satisfactorily.	user_report_2026-06-16
2026-06-16	arcade	Arcade	PICO	picoarch:fbneo	fbneo	gunforc2.zip	pass	ok	ok	ok	ok	unknown	User confirmed video/audio/input/performance; performance is accepted when at least one ROM runs satisfactorily.	user_report_2026-06-16
2026-06-16	arcade	Arcade	PICO	picoarch:mame2003_plus	mame2003_plus	bmaster.zip	pass	ok	ok	ok	ok	unknown	User confirmed video/audio/input/performance; performance is accepted when at least one ROM runs satisfactorily.	user_report_2026-06-16
2026-06-16	arcade	Arcade	PICO	picoarch:fbalpha2012	fbalpha2012	bmaster.zip	pass	ok	ok	ok	ok	unknown	User confirmed video/audio/input/performance; performance is accepted when at least one ROM runs satisfactorily.	user_report_2026-06-16
2026-06-16	arcade	Arcade	PICO	picoarch:mame2000	mame2000	hharry.zip	pass	ok	ok	ok	ok	unknown	User confirmed video/audio/input/performance; performance is accepted when at least one ROM runs satisfactorily.	user_report_2026-06-16
2026-06-16	gb	GB	PICO	picoarch:vbam	vbam	user ROM	pass	ok	ok	ok	ok	ok	User confirmed video/audio/input/performance; performance is accepted when at least one ROM runs satisfactorily.	user_report_2026-06-16
2026-06-16	pc88	PC-88	RA	retroarch:quasi88	quasi88	XeGrader100001.d88	pass	ok	ok	ok	ok	ok	Reached game/title path on RA; used as comparison baseline for PICO quasi88.	user_report_2026-06-16
2026-06-12	virtualboy	Virtual Boy	RA	retroarch:mednafen_vb	mednafen_vb	Bad Apple	pass	ok	ok	ok	ok	ok	Onion-derived pinned Beetle VB core fixed A30 performance enough for practical Bad Apple playback.	docs/emulator-build-targets.md
2026-06-08	psp	PSP	SA	standalone:ppsspp	PPSSPP v1.20.4	lightweight PSP title	pass	ok	ok	ok	title_dependent	ok	Standalone default candidate for lightweight PSP only; not a promise of full PSP coverage.	docs/emulator-build-targets.md
2026-06-08	scummvm	ScummVM	SA	standalone:scummvm	ScummVM v2026.2.0	ScummVM test game	pass	ok	ok	ok	ok	ok	Rotation, virtual mouse warp fix, A30 theme, audio, and exit confirmed.	docs/emulator-build-targets.md
2026-06-08	easyrpg	EasyRPG	SA	standalone:easyrpg	EasyRPG Player 0.8.1.1	EasyRPG test game	pass	ok	ok	ok	ok	ok	Audio helpers, input, and exit confirmed.	docs/emulator-build-targets.md
2026-06-08	psx	PlayStation	SA	standalone:pcsx_rearmed	PCSX-ReARMed r26l	PS1 test game	pass	ok	ok	ok	ok	ok	Native fb32 rotation, menu, Function menu return, shadow clear, input, audio, and game screen confirmed.	docs/emulator-build-targets.md
2026-06-16	pyxel	Pyxel	PYXEL	pyxel:a30	Pyxel	LastEmulator.pyxapp and dungeon-antiqua2.pyxapp	pass	ok	ok	ok	ok	ok	FE launch, stock SDL2-based video path, HOME=/mnt/SDCARD, audio, controller, and FE return were confirmed after aspect fixes.	user_report_2026-06-16
2026-06-16	nes	NES	RA	retroarch:nestopia	nestopia	user ROM	pass	ok	ok	ok	ok	not_checked	User confirmed video/audio/input/performance; performance is accepted when at least one ROM runs satisfactorily.	user_report_2026-06-16
2026-06-16	nes	NES	RA	retroarch:quicknes	quicknes	user ROM	pass	ok	ok	ok	ok	not_checked	User confirmed video/audio/input/performance; performance is accepted when at least one ROM runs satisfactorily.	user_report_2026-06-16
2026-06-16	nes	NES	PICO	picoarch:nestopia	nestopia	user ROM	pass	ok	ok	ok	ok	not_checked	User confirmed video/audio/input/performance; performance is accepted when at least one ROM runs satisfactorily.	user_report_2026-06-16
2026-06-16	nes	NES	PICO	picoarch:quicknes	quicknes	user ROM	pass	ok	ok	ok	ok	not_checked	User confirmed video/audio/input/performance; performance is accepted when at least one ROM runs satisfactorily.	user_report_2026-06-16
2026-06-16	fds	FDS	RA	retroarch:fceumm	fceumm	user ROM	pass	ok	ok	ok	ok	not_checked	User confirmed video/audio/input/performance; performance is accepted when at least one ROM runs satisfactorily.	user_report_2026-06-16
2026-06-16	fds	FDS	RA	retroarch:nestopia	nestopia	user ROM	pass	ok	ok	ok	ok	not_checked	User confirmed video/audio/input/performance; performance is accepted when at least one ROM runs satisfactorily.	user_report_2026-06-16
2026-06-16	fds	FDS	PICO	picoarch:fceumm	fceumm	user ROM	pass_init	ok	ok	not_checked	ok	not_checked	Initial failure was missing disksys.rom because PicoArch defaulted to /mnt/SDCARD/Bios/FDS; launcher now forces /mnt/SDCARD/Bios for FDS-capable NES cores. Needs user gameplay/input confirmation before pass.	docs/emulator-build-targets.md
2026-06-16	fds	FDS	PICO	picoarch:nestopia	nestopia	user ROM	pass_init	ok	ok	not_checked	ok	not_checked	Initial failure was missing disksys.rom because PicoArch defaulted to /mnt/SDCARD/Bios/FDS; launcher now forces /mnt/SDCARD/Bios for FDS-capable NES cores. Needs user gameplay/input confirmation before pass.	docs/emulator-build-targets.md
2026-06-16	sfc	SFC	RA	retroarch:snes9x2005	snes9x2005	user ROM	pass	ok	ok	ok	ok	not_checked	User confirmed video/audio/input/performance; performance is accepted when at least one ROM runs satisfactorily.	user_report_2026-06-16
2026-06-16	sfc	SFC	RA	retroarch:snes9x	snes9x	user ROM	pass	ok	ok	ok	ok	not_checked	User confirmed video/audio/input/performance; performance is accepted when at least one ROM runs satisfactorily.	user_report_2026-06-16
2026-06-16	sfc	SFC	RA	retroarch:chimerasnes	chimerasnes	user ROM	pass	ok	ok	ok	ok	not_checked	User confirmed video/audio/input/performance; performance is accepted when at least one ROM runs satisfactorily.	user_report_2026-06-16
2026-06-16	sfc	SFC	RA	retroarch:mednafen_supafaust	mednafen_supafaust	user ROM	pass	ok	ok	ok	ok	not_checked	User confirmed video/audio/input/performance; performance is accepted when at least one ROM runs satisfactorily.	user_report_2026-06-16
2026-06-16	sfc	SFC	RA	retroarch:snes9x2002	snes9x2002	user ROM	pass	ok	ok	ok	ok	not_checked	User confirmed video/audio/input/performance; performance is accepted when at least one ROM runs satisfactorily.	user_report_2026-06-16
2026-06-16	sfc	SFC	RA	retroarch:snes9x2005_plus	snes9x2005_plus	user ROM	pass	ok	ok	ok	ok	not_checked	User confirmed video/audio/input/performance; performance is accepted when at least one ROM runs satisfactorily.	user_report_2026-06-16
2026-06-16	sfc	SFC	RA	retroarch:snes9x2010	snes9x2010	user ROM	pass	ok	ok	ok	ok	not_checked	User confirmed video/audio/input/performance; performance is accepted when at least one ROM runs satisfactorily.	user_report_2026-06-16
2026-06-16	sfc	SFC	PICO	picoarch:snes9x2005	snes9x2005	user ROM	pass	ok	ok	ok	ok	not_checked	User confirmed video/audio/input/performance; performance is accepted when at least one ROM runs satisfactorily.	user_report_2026-06-16
2026-06-16	sfc	SFC	PICO	picoarch:snes9x	snes9x	user ROM	pass	ok	ok	ok	ok	not_checked	User confirmed video/audio/input/performance; performance is accepted when at least one ROM runs satisfactorily.	user_report_2026-06-16
2026-06-16	sfc	SFC	PICO	picoarch:chimerasnes	chimerasnes	user ROM	pass	ok	ok	ok	ok	not_checked	User confirmed video/audio/input/performance; performance is accepted when at least one ROM runs satisfactorily.	user_report_2026-06-16
2026-06-16	sfc	SFC	PICO	picoarch:mednafen_supafaust	mednafen_supafaust	user ROM	pass	ok	ok	ok	ok	not_checked	User confirmed video/audio/input/performance; performance is accepted when at least one ROM runs satisfactorily.	user_report_2026-06-16
2026-06-16	sfc	SFC	PICO	picoarch:snes9x2002	snes9x2002	user ROM	pass	ok	ok	ok	ok	not_checked	User confirmed video/audio/input/performance; performance is accepted when at least one ROM runs satisfactorily.	user_report_2026-06-16
2026-06-16	sfc	SFC	PICO	picoarch:snes9x2005_plus	snes9x2005_plus	user ROM	pass	ok	ok	ok	ok	not_checked	User confirmed video/audio/input/performance; performance is accepted when at least one ROM runs satisfactorily.	user_report_2026-06-16
2026-06-16	sfc	SFC	PICO	picoarch:snes9x2010	snes9x2010	user ROM	pass	ok	ok	ok	ok	not_checked	User confirmed video/audio/input/performance; performance is accepted when at least one ROM runs satisfactorily.	user_report_2026-06-16
2026-06-16	gb	GB	RA	retroarch:mgba	mgba	user ROM	pass	ok	ok	ok	ok	not_checked	User confirmed video/audio/input/performance; performance is accepted when at least one ROM runs satisfactorily.	user_report_2026-06-16
2026-06-16	gb	GB	RA	retroarch:gearboy	gearboy	user ROM	pass	ok	ok	ok	ok	not_checked	User confirmed video/audio/input/performance; performance is accepted when at least one ROM runs satisfactorily.	user_report_2026-06-16
2026-06-16	gb	GB	RA	retroarch:vbam	vbam	user ROM	pass	ok	ok	ok	ok	not_checked	User confirmed video/audio/input/performance; performance is accepted when at least one ROM runs satisfactorily.	user_report_2026-06-16
2026-06-16	gb	GB	PICO	picoarch:gambatte	gambatte	user ROM	pass	ok	ok	ok	ok	not_checked	User confirmed video/audio/input/performance; performance is accepted when at least one ROM runs satisfactorily.	user_report_2026-06-16
2026-06-16	gb	GB	PICO	picoarch:mgba	mgba	user ROM	pass	ok	ok	ok	ok	not_checked	User confirmed video/audio/input/performance; performance is accepted when at least one ROM runs satisfactorily.	user_report_2026-06-16
2026-06-16	gb	GB	PICO	picoarch:gearboy	gearboy	user ROM	pass	ok	ok	ok	ok	not_checked	User confirmed video/audio/input/performance; performance is accepted when at least one ROM runs satisfactorily.	user_report_2026-06-16
2026-06-16	gbc	GBC	RA	retroarch:gambatte	gambatte	user ROM	pass	ok	ok	ok	ok	not_checked	User confirmed video/audio/input/performance; performance is accepted when at least one ROM runs satisfactorily.	user_report_2026-06-16
2026-06-16	gbc	GBC	RA	retroarch:mgba	mgba	user ROM	pass	ok	ok	ok	ok	not_checked	User confirmed video/audio/input/performance; performance is accepted when at least one ROM runs satisfactorily.	user_report_2026-06-16
2026-06-16	gbc	GBC	RA	retroarch:gearboy	gearboy	user ROM	pass	ok	ok	ok	ok	not_checked	User confirmed video/audio/input/performance; performance is accepted when at least one ROM runs satisfactorily.	user_report_2026-06-16
2026-06-16	gbc	GBC	RA	retroarch:vbam	vbam	user ROM	pass	ok	ok	ok	ok	not_checked	User confirmed video/audio/input/performance; performance is accepted when at least one ROM runs satisfactorily.	user_report_2026-06-16
2026-06-16	gbc	GBC	PICO	picoarch:gambatte	gambatte	user ROM	pass	ok	ok	ok	ok	not_checked	User confirmed video/audio/input/performance; performance is accepted when at least one ROM runs satisfactorily.	user_report_2026-06-16
2026-06-16	gbc	GBC	PICO	picoarch:mgba	mgba	user ROM	pass	ok	ok	ok	ok	not_checked	User confirmed video/audio/input/performance; performance is accepted when at least one ROM runs satisfactorily.	user_report_2026-06-16
2026-06-16	gbc	GBC	PICO	picoarch:gearboy	gearboy	user ROM	pass	ok	ok	ok	ok	not_checked	User confirmed video/audio/input/performance; performance is accepted when at least one ROM runs satisfactorily.	user_report_2026-06-16
2026-06-16	gbc	GBC	PICO	picoarch:vbam	vbam	user ROM	pass	ok	ok	ok	ok	not_checked	User confirmed video/audio/input/performance; performance is accepted when at least one ROM runs satisfactorily.	user_report_2026-06-16
2026-06-16	gba	GBA	RA	retroarch:mgba	mgba	user ROM	pass	ok	ok	ok	ok	not_checked	User confirmed video/audio/input/performance; performance is accepted when at least one ROM runs satisfactorily.	user_report_2026-06-16
2026-06-16	gba	GBA	RA	retroarch:gpsp	gpsp	user ROM	pass	ok	ok	ok	ok	not_checked	User confirmed video/audio/input/performance; performance is accepted when at least one ROM runs satisfactorily.	user_report_2026-06-16
2026-06-16	gba	GBA	RA	retroarch:mednafen_gba	mednafen_gba	user ROM	pass	ok	ok	ok	ok	not_checked	User confirmed video/audio/input/performance; performance is accepted when at least one ROM runs satisfactorily.	user_report_2026-06-16
2026-06-16	gba	GBA	RA	retroarch:meteor	meteor	user ROM	pass	ok	ok	ok	ok	not_checked	User confirmed video/audio/input/performance; performance is accepted when at least one ROM runs satisfactorily.	user_report_2026-06-16
2026-06-16	gba	GBA	RA	retroarch:vba_next	vba_next	user ROM	pass	ok	ok	ok	ok	not_checked	User confirmed video/audio/input/performance; performance is accepted when at least one ROM runs satisfactorily.	user_report_2026-06-16
2026-06-16	gba	GBA	RA	retroarch:vbam	vbam	user ROM	pass	ok	ok	ok	ok	not_checked	User confirmed video/audio/input/performance; performance is accepted when at least one ROM runs satisfactorily.	user_report_2026-06-16
2026-06-16	gba	GBA	PICO	picoarch:mgba	mgba	user ROM	pass	ok	ok	ok	ok	not_checked	User confirmed video/audio/input/performance; performance is accepted when at least one ROM runs satisfactorily.	user_report_2026-06-16
2026-06-16	gba	GBA	PICO	picoarch:gpsp	gpsp	user ROM	pass	ok	ok	ok	ok	not_checked	User confirmed video/audio/input/performance; performance is accepted when at least one ROM runs satisfactorily.	user_report_2026-06-16
2026-06-16	gba	GBA	PICO	picoarch:mednafen_gba	mednafen_gba	user ROM	pass	ok	ok	ok	ok	not_checked	User confirmed video/audio/input/performance; performance is accepted when at least one ROM runs satisfactorily.	user_report_2026-06-16
2026-06-16	gba	GBA	PICO	picoarch:meteor	meteor	user ROM	pass	ok	ok	ok	ok	not_checked	User confirmed video/audio/input/performance; performance is accepted when at least one ROM runs satisfactorily.	user_report_2026-06-16
2026-06-16	gba	GBA	PICO	picoarch:vba_next	vba_next	user ROM	pass	ok	ok	ok	ok	not_checked	User confirmed video/audio/input/performance; performance is accepted when at least one ROM runs satisfactorily.	user_report_2026-06-16
2026-06-16	gba	GBA	PICO	picoarch:vbam	vbam	user ROM	pass	ok	ok	ok	ok	not_checked	User confirmed video/audio/input/performance; performance is accepted when at least one ROM runs satisfactorily.	user_report_2026-06-16
2026-06-16	megadrive	Mega Drive	RA	retroarch:genesis_plus_gx	genesis_plus_gx	user ROM	pass	ok	ok	ok	ok	not_checked	User confirmed video/audio/input/performance; performance is accepted when at least one ROM runs satisfactorily.	user_report_2026-06-16
2026-06-16	megadrive	Mega Drive	RA	retroarch:picodrive	picodrive	user ROM	pass	ok	ok	ok	ok	not_checked	User confirmed video/audio/input/performance; performance is accepted when at least one ROM runs satisfactorily.	user_report_2026-06-16
2026-06-16	megadrive	Mega Drive	PICO	picoarch:genesis_plus_gx	genesis_plus_gx	user ROM	pass	ok	ok	ok	ok	not_checked	User confirmed video/audio/input/performance; performance is accepted when at least one ROM runs satisfactorily.	user_report_2026-06-16
2026-06-16	megadrive	Mega Drive	PICO	picoarch:picodrive	picodrive	user ROM	pass	ok	ok	ok	ok	not_checked	User confirmed video/audio/input/performance; performance is accepted when at least one ROM runs satisfactorily.	user_report_2026-06-16
2026-06-16	mastersystem	Master System	RA	retroarch:genesis_plus_gx	genesis_plus_gx	user ROM	pass	ok	ok	ok	ok	not_checked	User confirmed video/audio/input/performance; performance is accepted when at least one ROM runs satisfactorily.	user_report_2026-06-16
2026-06-16	mastersystem	Master System	RA	retroarch:picodrive	picodrive	user ROM	pass	ok	ok	ok	ok	not_checked	User confirmed video/audio/input/performance; performance is accepted when at least one ROM runs satisfactorily.	user_report_2026-06-16
2026-06-16	mastersystem	Master System	RA	retroarch:gearsystem	gearsystem	user ROM	pass	ok	ok	ok	ok	not_checked	User confirmed video/audio/input/performance; performance is accepted when at least one ROM runs satisfactorily.	user_report_2026-06-16
2026-06-16	mastersystem	Master System	PICO	picoarch:genesis_plus_gx	genesis_plus_gx	user ROM	pass	ok	ok	ok	ok	not_checked	User confirmed video/audio/input/performance; performance is accepted when at least one ROM runs satisfactorily.	user_report_2026-06-16
2026-06-16	mastersystem	Master System	PICO	picoarch:picodrive	picodrive	user ROM	pass	ok	ok	ok	ok	not_checked	User confirmed video/audio/input/performance; performance is accepted when at least one ROM runs satisfactorily.	user_report_2026-06-16
2026-06-16	mastersystem	Master System	PICO	picoarch:gearsystem	gearsystem	user ROM	pass	ok	ok	ok	ok	not_checked	User confirmed video/audio/input/performance; performance is accepted when at least one ROM runs satisfactorily.	user_report_2026-06-16
2026-06-16	gamegear	Game Gear	RA	retroarch:genesis_plus_gx	genesis_plus_gx	user ROM	pass	ok	ok	ok	ok	not_checked	User confirmed video/audio/input/performance; performance is accepted when at least one ROM runs satisfactorily.	user_report_2026-06-16
2026-06-16	gamegear	Game Gear	RA	retroarch:picodrive	picodrive	user ROM	pass	ok	ok	ok	ok	not_checked	User confirmed video/audio/input/performance; performance is accepted when at least one ROM runs satisfactorily.	user_report_2026-06-16
2026-06-16	gamegear	Game Gear	RA	retroarch:gearsystem	gearsystem	user ROM	pass	ok	ok	ok	ok	not_checked	User confirmed video/audio/input/performance; performance is accepted when at least one ROM runs satisfactorily.	user_report_2026-06-16
2026-06-16	gamegear	Game Gear	PICO	picoarch:genesis_plus_gx	genesis_plus_gx	user ROM	pass	ok	ok	ok	ok	not_checked	User confirmed video/audio/input/performance; performance is accepted when at least one ROM runs satisfactorily.	user_report_2026-06-16
2026-06-16	gamegear	Game Gear	PICO	picoarch:picodrive	picodrive	user ROM	pass	ok	ok	ok	ok	not_checked	User confirmed video/audio/input/performance; performance is accepted when at least one ROM runs satisfactorily.	user_report_2026-06-16
2026-06-16	gamegear	Game Gear	PICO	picoarch:gearsystem	gearsystem	user ROM	pass	ok	ok	ok	ok	not_checked	User confirmed video/audio/input/performance; performance is accepted when at least one ROM runs satisfactorily.	user_report_2026-06-16
2026-06-17	sega32x	32X	RA	retroarch:picodrive	picodrive	user ROM	pass	ok	ok	ok	ok	unknown	User confirmed video/audio/input/performance; performance is accepted when at least one ROM runs satisfactorily.	user_report_2026-06-17
2026-06-17	sega32x	32X	PICO	picoarch:picodrive	picodrive	user ROM	pass	ok	ok	ok	ok	unknown	User confirmed video/audio/input/performance; performance is accepted when at least one ROM runs satisfactorily.	user_report_2026-06-17
-	segacd	Sega CD	RA	retroarch:genesis_plus_gx	genesis_plus_gx	TBD	untested	not_checked	not_checked	not_checked	not_checked	not_checked	Explicit systems.json launch profile; needs A30 ROM test.	systems_json_launch_profiles
-	segacd	Sega CD	RA	retroarch:picodrive	picodrive	TBD	untested	not_checked	not_checked	not_checked	not_checked	not_checked	Explicit systems.json launch profile; needs A30 ROM test.	systems_json_launch_profiles
-	segacd	Sega CD	PICO	picoarch:genesis_plus_gx	genesis_plus_gx	TBD	untested	not_checked	not_checked	not_checked	not_checked	not_checked	Auto PicoArch companion for retroarch:genesis_plus_gx; needs A30 ROM test.	picoarch_auto_companion
-	segacd	Sega CD	PICO	picoarch:picodrive	picodrive	TBD	untested	not_checked	not_checked	not_checked	not_checked	not_checked	Auto PicoArch companion for retroarch:picodrive; needs A30 ROM test.	picoarch_auto_companion
2026-06-16	pcengine	PC Engine	RA	retroarch:mednafen_pce_fast	mednafen_pce_fast	user ROM	pass	ok	ok	ok	ok	not_checked	User confirmed video/audio/input/performance; performance is accepted when at least one ROM runs satisfactorily.	user_report_2026-06-16
2026-06-16	pcengine	PC Engine	RA	retroarch:mednafen_supergrafx	mednafen_supergrafx	user ROM	pass	ok	ok	ok	ok	not_checked	User confirmed video/audio/input/performance for PC Engine content through the SuperGrafx-capable core; this does not validate SuperGrafx-exclusive content.	user_report_2026-06-16
2026-06-16	pcengine	PC Engine	PICO	picoarch:mednafen_pce_fast	mednafen_pce_fast	user ROM	pass	ok	ok	ok	ok	not_checked	User confirmed video/audio/input/performance; performance is accepted when at least one ROM runs satisfactorily.	user_report_2026-06-16
2026-06-16	pcengine	PC Engine	PICO	picoarch:mednafen_supergrafx	mednafen_supergrafx	user ROM	pass	ok	ok	ok	ok	not_checked	User confirmed video/audio/input/performance for PC Engine content through the SuperGrafx-capable core; this does not validate SuperGrafx-exclusive content.	user_report_2026-06-16
-	supergrafx	SuperGrafx	RA	retroarch:mednafen_supergrafx	mednafen_supergrafx	TBD	untested	not_checked	not_checked	not_checked	not_checked	not_checked	Explicit systems.json launch profile; needs A30 ROM test.	systems_json_launch_profiles
-	supergrafx	SuperGrafx	RA	retroarch:mednafen_pce_fast	mednafen_pce_fast	TBD	untested	not_checked	not_checked	not_checked	not_checked	not_checked	Explicit systems.json launch profile; needs A30 ROM test.	systems_json_launch_profiles
-	supergrafx	SuperGrafx	PICO	picoarch:mednafen_supergrafx	mednafen_supergrafx	TBD	untested	not_checked	not_checked	not_checked	not_checked	not_checked	Auto PicoArch companion for retroarch:mednafen_supergrafx; needs A30 ROM test.	picoarch_auto_companion
-	supergrafx	SuperGrafx	PICO	picoarch:mednafen_pce_fast	mednafen_pce_fast	TBD	untested	not_checked	not_checked	not_checked	not_checked	not_checked	Auto PicoArch companion for retroarch:mednafen_pce_fast; needs A30 ROM test.	picoarch_auto_companion
2026-06-16	pcenginecd	PC Engine CD	RA	retroarch:mednafen_pce_fast	mednafen_pce_fast	user ROM	pass	ok	ok	ok	ok	not_checked	User confirmed video/audio/input/performance; performance is accepted when at least one ROM runs satisfactorily.	user_report_2026-06-16
2026-06-16	pcenginecd	PC Engine CD	PICO	picoarch:mednafen_pce_fast	mednafen_pce_fast	user ROM	pass_init	ok	ok	not_checked	ok	not_checked	Initial failure was missing syscard3.pce because PicoArch defaulted to /mnt/SDCARD/Bios/pcenginecd; launcher now forces /mnt/SDCARD/Bios for PCE CD-capable cores. Needs user gameplay/input confirmation before pass.	docs/emulator-build-targets.md
2026-06-16	psx	PlayStation	RA	retroarch:pcsx_rearmed	pcsx_rearmed	user ROM	pass	ok	ok	ok	ok	not_checked	User confirmed video/audio/input/performance; performance is accepted when at least one ROM runs satisfactorily.	user_report_2026-06-16
2026-06-16	psx	PlayStation	PICO	picoarch:pcsx_rearmed	pcsx_rearmed	chroQW.cue	pass	ok	ok	ok	ok	not_checked	User confirmed PicoArch PS1 gameplay after the VFS seek fix; video/audio/input/performance accepted. Initial failure was cdrom read failed for lba 4 because PCSX-ReARMed expects C fseek semantics from VFS seek.	user_report_2026-06-16
-	neogeo	Neo Geo	RA	retroarch:fbneo	fbneo	TBD	untested	not_checked	not_checked	not_checked	not_checked	not_checked	Explicit systems.json launch profile; needs A30 ROM test.	systems_json_launch_profiles
-	neogeo	Neo Geo	RA	retroarch:mame2003_plus	mame2003_plus	TBD	untested	not_checked	not_checked	not_checked	not_checked	not_checked	Explicit systems.json launch profile; needs A30 ROM test.	systems_json_launch_profiles
-	neogeo	Neo Geo	RA	retroarch:fbalpha2012	fbalpha2012	TBD	untested	not_checked	not_checked	not_checked	not_checked	not_checked	Explicit systems.json launch profile; needs A30 ROM test.	systems_json_launch_profiles
-	neogeo	Neo Geo	RA	retroarch:fbalpha2012_neogeo	fbalpha2012_neogeo	TBD	untested	not_checked	not_checked	not_checked	not_checked	not_checked	Explicit systems.json launch profile; needs A30 ROM test.	systems_json_launch_profiles
-	neogeo	Neo Geo	PICO	picoarch:fbneo	fbneo	TBD	untested	not_checked	not_checked	not_checked	not_checked	not_checked	Auto PicoArch companion for retroarch:fbneo; needs A30 ROM test.	picoarch_auto_companion
-	neogeo	Neo Geo	PICO	picoarch:mame2003_plus	mame2003_plus	TBD	untested	not_checked	not_checked	not_checked	not_checked	not_checked	Auto PicoArch companion for retroarch:mame2003_plus; needs A30 ROM test.	picoarch_auto_companion
-	neogeo	Neo Geo	PICO	picoarch:fbalpha2012	fbalpha2012	TBD	untested	not_checked	not_checked	not_checked	not_checked	not_checked	Auto PicoArch companion for retroarch:fbalpha2012; needs A30 ROM test.	picoarch_auto_companion
-	neogeo	Neo Geo	PICO	picoarch:fbalpha2012_neogeo	fbalpha2012_neogeo	TBD	untested	not_checked	not_checked	not_checked	not_checked	not_checked	Auto PicoArch companion for retroarch:fbalpha2012_neogeo; needs A30 ROM test.	picoarch_auto_companion
-	neogeocd	Neo Geo CD	RA	retroarch:neocd	neocd	TBD	untested	not_checked	not_checked	not_checked	not_checked	not_checked	Explicit systems.json launch profile; needs A30 ROM test.	systems_json_launch_profiles
-	neogeocd	Neo Geo CD	PICO	picoarch:neocd	neocd	TBD	untested	not_checked	not_checked	not_checked	not_checked	not_checked	Auto PicoArch companion for retroarch:neocd; needs A30 ROM test.	picoarch_auto_companion
2026-06-17	ngp	NGP	RA	retroarch:mednafen_ngp	mednafen_ngp	user ROM	pass	ok	ok	ok	ok	unknown	User confirmed video/audio/input/performance; performance is accepted when at least one ROM runs satisfactorily.	user_report_2026-06-17
2026-06-17	ngp	NGP	PICO	picoarch:mednafen_ngp	mednafen_ngp	user ROM	pass	ok	ok	ok	ok	unknown	User confirmed video/audio/input/performance; performance is accepted when at least one ROM runs satisfactorily.	user_report_2026-06-17
2026-06-17	ngpc	NGPC	RA	retroarch:mednafen_ngp	mednafen_ngp	user ROM	pass	ok	ok	ok	ok	unknown	User confirmed video/audio/input/performance; performance is accepted when at least one ROM runs satisfactorily.	user_report_2026-06-17
2026-06-17	ngpc	NGPC	PICO	picoarch:mednafen_ngp	mednafen_ngp	user ROM	pass	ok	ok	ok	ok	unknown	User confirmed video/audio/input/performance; performance is accepted when at least one ROM runs satisfactorily.	user_report_2026-06-17
2026-06-17	wonderswan	WonderSwan	RA	retroarch:mednafen_wswan	mednafen_wswan	user ROM	pass	ok	ok	ok	ok	unknown	User confirmed video/audio/input/performance; performance is accepted when at least one ROM runs satisfactorily.	user_report_2026-06-17
2026-06-17	wonderswan	WonderSwan	PICO	picoarch:mednafen_wswan	mednafen_wswan	user ROM	pass	ok	ok	ok	ok	unknown	User confirmed video/audio/input/performance; performance is accepted when at least one ROM runs satisfactorily.	user_report_2026-06-17
2026-06-17	wonderswancolor	WonderSwan Color	RA	retroarch:mednafen_wswan	mednafen_wswan	user ROM	pass	ok	ok	ok	ok	unknown	User confirmed video/audio/input/performance; performance is accepted when at least one ROM runs satisfactorily.	user_report_2026-06-17
2026-06-17	wonderswancolor	WonderSwan Color	PICO	picoarch:mednafen_wswan	mednafen_wswan	user ROM	pass	ok	ok	ok	ok	unknown	User confirmed video/audio/input/performance; performance is accepted when at least one ROM runs satisfactorily.	user_report_2026-06-17
2026-06-17	lynx	Atari Lynx	RA	retroarch:mednafen_lynx	mednafen_lynx	user ROM	pass	ok	ok	ok	ok	unknown	User confirmed video/audio/input/performance; performance is accepted when at least one ROM runs satisfactorily.	user_report_2026-06-17
2026-06-17	lynx	Atari Lynx	RA	retroarch:handy	handy	user ROM	pass	ok	ok	ok	ok	unknown	User confirmed video/audio/input/performance; performance is accepted when at least one ROM runs satisfactorily.	user_report_2026-06-17
2026-06-17	lynx	Atari Lynx	PICO	picoarch:mednafen_lynx	mednafen_lynx	user ROM	pass	ok	ok	ok	ok	unknown	User confirmed video/audio/input/performance; performance is accepted when at least one ROM runs satisfactorily.	user_report_2026-06-17
2026-06-17	lynx	Atari Lynx	PICO	picoarch:handy	handy	user ROM	pass	ok	ok	ok	ok	unknown	User confirmed video/audio/input/performance; performance is accepted when at least one ROM runs satisfactorily.	user_report_2026-06-17
2026-06-17	virtualboy	Virtual Boy	PICO	picoarch:mednafen_vb	mednafen_vb	user ROM	pass	ok	ok	ok	ok	unknown	User confirmed video/audio/input/performance; performance is accepted when at least one ROM runs satisfactorily.	user_report_2026-06-17
2026-06-17	arcade	Arcade	RA	retroarch:mame2003_plus	mame2003_plus	user ROM	pass	ok	ok	ok	ok	unknown	User confirmed video/audio/input/performance; performance is accepted when at least one ROM runs satisfactorily.	user_report_2026-06-17
2026-06-17	arcade	Arcade	RA	retroarch:fbneo	fbneo	user ROM	pass	ok	ok	ok	ok	unknown	User confirmed video/audio/input/performance; performance is accepted when at least one ROM runs satisfactorily.	user_report_2026-06-17
2026-06-17	arcade	Arcade	RA	retroarch:fbalpha2012	fbalpha2012	user ROM	pass	ok	ok	ok	ok	unknown	User confirmed video/audio/input/performance; performance is accepted when at least one ROM runs satisfactorily.	user_report_2026-06-17
2026-06-17	fbneo	FBNeo	RA	retroarch:fbneo	fbneo	user ROM	pass	ok	ok	ok	ok	unknown	User confirmed video/audio/input/performance; performance is accepted when at least one ROM runs satisfactorily.	user_report_2026-06-17
2026-06-17	fbneo	FBNeo	PICO	picoarch:fbneo	fbneo	user ROM	pass	ok	ok	ok	ok	unknown	User confirmed video/audio/input/performance; performance is accepted when at least one ROM runs satisfactorily.	user_report_2026-06-17
2026-06-17	mame2003plus	MAME 2003+	RA	retroarch:mame2003_plus	mame2003_plus	user ROM	pass	ok	ok	ok	ok	unknown	User confirmed video/audio/input/performance; performance is accepted when at least one ROM runs satisfactorily.	user_report_2026-06-17
2026-06-17	mame2003plus	MAME 2003+	PICO	picoarch:mame2003_plus	mame2003_plus	user ROM	pass	ok	ok	ok	ok	unknown	User confirmed video/audio/input/performance; performance is accepted when at least one ROM runs satisfactorily.	user_report_2026-06-17
2026-06-17	cps1	CPS1	RA	retroarch:fbneo	fbneo	user ROM	pass	ok	ok	ok	ok	unknown	User confirmed video/audio/input/performance; performance is accepted when at least one ROM runs satisfactorily.	user_report_2026-06-17
2026-06-17	cps1	CPS1	RA	retroarch:fbalpha2012	fbalpha2012	user ROM	pass	ok	ok	ok	ok	unknown	User confirmed video/audio/input/performance; performance is accepted when at least one ROM runs satisfactorily.	user_report_2026-06-17
2026-06-17	cps1	CPS1	RA	retroarch:fbalpha2012_cps1	fbalpha2012_cps1	user ROM	pass	ok	ok	ok	ok	unknown	User confirmed video/audio/input/performance; performance is accepted when at least one ROM runs satisfactorily.	user_report_2026-06-17
2026-06-17	cps1	CPS1	PICO	picoarch:fbneo	fbneo	user ROM	pass	ok	ok	ok	ok	unknown	User confirmed video/audio/input/performance; performance is accepted when at least one ROM runs satisfactorily.	user_report_2026-06-17
2026-06-17	cps1	CPS1	PICO	picoarch:fbalpha2012	fbalpha2012	user ROM	pass	ok	ok	ok	ok	unknown	User confirmed video/audio/input/performance; performance is accepted when at least one ROM runs satisfactorily.	user_report_2026-06-17
2026-06-17	cps1	CPS1	PICO	picoarch:fbalpha2012_cps1	fbalpha2012_cps1	user ROM	pass	ok	ok	ok	ok	unknown	User confirmed video/audio/input/performance; performance is accepted when at least one ROM runs satisfactorily.	user_report_2026-06-17
2026-06-17	cps2	CPS2	RA	retroarch:fbneo	fbneo	user ROM	pass	ok	ok	ok	ok	unknown	User confirmed video/audio/input/performance; performance is accepted when at least one ROM runs satisfactorily.	user_report_2026-06-17
2026-06-17	cps2	CPS2	RA	retroarch:fbalpha2012	fbalpha2012	user ROM	pass	ok	ok	ok	ok	unknown	User confirmed video/audio/input/performance; performance is accepted when at least one ROM runs satisfactorily.	user_report_2026-06-17
2026-06-17	cps2	CPS2	RA	retroarch:fbalpha2012_cps2	fbalpha2012_cps2	user ROM	pass	ok	ok	ok	ok	unknown	User confirmed video/audio/input/performance; performance is accepted when at least one ROM runs satisfactorily.	user_report_2026-06-17
2026-06-17	cps2	CPS2	PICO	picoarch:fbneo	fbneo	user ROM	pass	ok	ok	ok	ok	unknown	User confirmed video/audio/input/performance; performance is accepted when at least one ROM runs satisfactorily.	user_report_2026-06-17
2026-06-17	cps2	CPS2	PICO	picoarch:fbalpha2012	fbalpha2012	user ROM	pass	ok	ok	ok	ok	unknown	User confirmed video/audio/input/performance; performance is accepted when at least one ROM runs satisfactorily.	user_report_2026-06-17
2026-06-17	cps2	CPS2	PICO	picoarch:fbalpha2012_cps2	fbalpha2012_cps2	user ROM	pass	ok	ok	ok	ok	unknown	User confirmed video/audio/input/performance; performance is accepted when at least one ROM runs satisfactorily.	user_report_2026-06-17
2026-06-17	cps3	CPS3	RA	retroarch:fbneo	fbneo	user ROM	pass	ok	ok	ok	ok	unknown	User confirmed video/audio/input/performance; performance is accepted when at least one ROM runs satisfactorily.	user_report_2026-06-17
2026-06-17	cps3	CPS3	RA	retroarch:fbalpha2012	fbalpha2012	user ROM	pass	ok	ok	ok	ok	unknown	User confirmed video/audio/input/performance; performance is accepted when at least one ROM runs satisfactorily.	user_report_2026-06-17
2026-06-17	cps3	CPS3	PICO	picoarch:fbneo	fbneo	user ROM	pass	ok	ok	ok	ok	unknown	User confirmed video/audio/input/performance; performance is accepted when at least one ROM runs satisfactorily.	user_report_2026-06-17
2026-06-17	cps3	CPS3	PICO	picoarch:fbalpha2012	fbalpha2012	user ROM	pass	ok	ok	ok	ok	unknown	User confirmed video/audio/input/performance; performance is accepted when at least one ROM runs satisfactorily.	user_report_2026-06-17
2026-06-17	dos	DOS	RA	retroarch:dosbox_pure	dosbox_pure	user ROM	pass	ok	ok	ok	ok	unknown	User confirmed video/audio/input/performance; performance is accepted when at least one ROM runs satisfactorily.	user_report_2026-06-17
2026-06-17	dos	DOS	PICO	picoarch:dosbox_pure	dosbox_pure	user ROM	pass	ok	ok	ok	ok	unknown	User confirmed video/audio/input/performance; performance is accepted when at least one ROM runs satisfactorily.	user_report_2026-06-17
2026-06-17	pico8	PICO-8	RA	retroarch:retro8	retro8	user ROM	pass	ok	ok	ok	ok	unknown	User confirmed video/audio/input/performance; performance is accepted when at least one ROM runs satisfactorily.	user_report_2026-06-17
2026-06-17	pico8	PICO-8	RA	retroarch:fake08	fake08	user ROM	pass	ok	ok	ok	ok	unknown	User confirmed video/audio/input/performance; performance is accepted when at least one ROM runs satisfactorily.	user_report_2026-06-17
2026-06-17	pico8	PICO-8	PICO	picoarch:retro8	retro8	user ROM	pass	ok	ok	ok	ok	unknown	User confirmed video/audio/input/performance; performance is accepted when at least one ROM runs satisfactorily.	user_report_2026-06-17
2026-06-17	pico8	PICO-8	PICO	picoarch:fake08	fake08	user ROM	pass	ok	ok	ok	ok	unknown	User confirmed video/audio/input/performance; performance is accepted when at least one ROM runs satisfactorily.	user_report_2026-06-17
2026-06-17	scummvm	ScummVM	RA	retroarch:scummvm	scummvm	user ROM	pass	ok	ok	ok	ok	unknown	User confirmed video/audio/input/performance; performance is accepted when at least one ROM runs satisfactorily.	user_report_2026-06-17
2026-06-17	scummvm	ScummVM	PICO	picoarch:scummvm	scummvm	user ROM	pass	ok	ok	ok	ok	unknown	User confirmed video/audio/input/performance; performance is accepted when at least one ROM runs satisfactorily.	user_report_2026-06-17
2026-06-17	msx	MSX	RA	retroarch:bluemsx	bluemsx	user ROM	pass	ok	ok	ok	ok	unknown	User confirmed video/audio/input/performance; performance is accepted when at least one ROM runs satisfactorily.	user_report_2026-06-17
2026-06-17	msx	MSX	RA	retroarch:fmsx	fmsx	user ROM	pass	ok	ok	ok	ok	unknown	User confirmed video/audio/input/performance; performance is accepted when at least one ROM runs satisfactorily.	user_report_2026-06-17
2026-06-17	msx	MSX	PICO	picoarch:bluemsx	bluemsx	user ROM	pass	ok	ok	ok	ok	unknown	User confirmed video/audio/input/performance after the PicoArch VFS bypass for bluemsx/fmsx; performance is accepted when at least one ROM runs satisfactorily.	user_report_2026-06-17
2026-06-17	msx	MSX	PICO	picoarch:fmsx	fmsx	user ROM	pass	ok	ok	ok	ok	unknown	User confirmed video/audio/input/performance after the PicoArch VFS bypass for bluemsx/fmsx; performance is accepted when at least one ROM runs satisfactorily.	user_report_2026-06-17
2026-06-17	pc98	PC-98	RA	retroarch:np2kai	np2kai	user ROM	pass	ok	ok	ok	ok	unknown	User confirmed video/audio/input/performance and 60fps behavior after PC-98 BIOS/font placement and np2kai joypad mapping setup.	user_report_2026-06-17
2026-06-17	pc98	PC-98	RA	retroarch:nekop2	nekop2	user ROM	pass	ok	ok	ok	ok	unknown	User confirmed video/audio/input/performance and 60fps behavior after core-side joypad-to-keyboard patch and /mnt/SDCARD/Bios/np2 BIOS/font placement.	user_report_2026-06-17
-	x68000	X68000	RA	retroarch:px68k	px68k	TBD	untested	not_checked	not_checked	not_checked	not_checked	not_checked	Explicit systems.json launch profile; needs A30 ROM test.	systems_json_launch_profiles
-	x68000	X68000	PICO	picoarch:px68k	px68k	TBD	untested	not_checked	not_checked	not_checked	not_checked	not_checked	Auto PicoArch companion for retroarch:px68k; needs A30 ROM test.	picoarch_auto_companion
-	tic80	TIC-80	RA	retroarch:tic80	tic80	TBD	untested	not_checked	not_checked	not_checked	not_checked	not_checked	Explicit systems.json launch profile; needs A30 ROM test.	systems_json_launch_profiles
-	tic80	TIC-80	PICO	picoarch:tic80	tic80	TBD	untested	not_checked	not_checked	not_checked	not_checked	not_checked	Auto PicoArch companion for retroarch:tic80; needs A30 ROM test.	picoarch_auto_companion
2026-06-17	atari2600	Atari 2600	RA	retroarch:stella2014	stella2014	user ROM	pass	ok	ok	ok	ok	unknown	User confirmed video/audio/input/performance; performance is accepted when at least one ROM runs satisfactorily.	user_report_2026-06-17
2026-06-17	atari2600	Atari 2600	PICO	picoarch:stella2014	stella2014	user ROM	pass	ok	ok	ok	ok	unknown	User confirmed video/audio/input/performance; performance is accepted when at least one ROM runs satisfactorily.	user_report_2026-06-17
2026-06-17	atari7800	Atari 7800	RA	retroarch:prosystem	prosystem	user ROM	pass	ok	ok	ok	ok	unknown	User confirmed video/audio/input/performance; performance is accepted when at least one ROM runs satisfactorily.	user_report_2026-06-17
2026-06-17	atari7800	Atari 7800	PICO	picoarch:prosystem	prosystem	user ROM	pass	ok	ok	ok	ok	unknown	User confirmed video/audio/input/performance; performance is accepted when at least one ROM runs satisfactorily.	user_report_2026-06-17
2026-06-17	vectrex	Vectrex	RA	retroarch:vecx	vecx	user ROM	pass	ok	ok	ok	ok	unknown	User confirmed video/audio/input/performance; performance is accepted when at least one ROM runs satisfactorily.	user_report_2026-06-17
2026-06-17	vectrex	Vectrex	PICO	picoarch:vecx	vecx	user ROM	pass	ok	ok	ok	ok	unknown	User confirmed video/audio/input/performance; performance is accepted when at least one ROM runs satisfactorily.	user_report_2026-06-17
-	supervision	Supervision	RA	retroarch:potator	potator	TBD	untested	not_checked	not_checked	not_checked	not_checked	not_checked	Explicit systems.json launch profile; needs A30 ROM test.	systems_json_launch_profiles
-	supervision	Supervision	PICO	picoarch:potator	potator	TBD	untested	not_checked	not_checked	not_checked	not_checked	not_checked	Auto PicoArch companion for retroarch:potator; needs A30 ROM test.	picoarch_auto_companion
-	odyssey2	Odyssey2	RA	retroarch:o2em	o2em	TBD	untested	not_checked	not_checked	not_checked	not_checked	not_checked	Explicit systems.json launch profile; needs A30 ROM test.	systems_json_launch_profiles
-	odyssey2	Odyssey2	PICO	picoarch:o2em	o2em	TBD	untested	not_checked	not_checked	not_checked	not_checked	not_checked	Auto PicoArch companion for retroarch:o2em; needs A30 ROM test.	picoarch_auto_companion
2026-06-17	gameandwatch	Game & Watch	RA	retroarch:gw	gw	user ROM	pass	ok	ok	ok	ok	unknown	User confirmed video/audio/input/performance; performance is accepted when at least one ROM runs satisfactorily.	user_report_2026-06-17
2026-06-17	gameandwatch	Game & Watch	PICO	picoarch:gw	gw	user ROM	pass	ok	ok	ok	ok	unknown	User confirmed video/audio/input/performance; performance is accepted when at least one ROM runs satisfactorily.	user_report_2026-06-17
2026-06-17	pokemini	Pokemon Mini	RA	retroarch:pokemini	pokemini	user ROM	pass	ok	ok	ok	ok	unknown	User confirmed video/audio/input/performance; performance is accepted when at least one ROM runs satisfactorily.	user_report_2026-06-17
2026-06-17	pokemini	Pokemon Mini	PICO	picoarch:pokemini	pokemini	user ROM	pass	ok	ok	ok	ok	unknown	User confirmed video/audio/input/performance; performance is accepted when at least one ROM runs satisfactorily.	user_report_2026-06-17
-	doom	Doom	RA	retroarch:prboom	prboom	TBD	untested	not_checked	not_checked	not_checked	not_checked	not_checked	Explicit systems.json launch profile; needs A30 ROM test.	systems_json_launch_profiles
-	doom	Doom	PICO	picoarch:prboom	prboom	TBD	untested	not_checked	not_checked	not_checked	not_checked	not_checked	Auto PicoArch companion for retroarch:prboom; needs A30 ROM test.	picoarch_auto_companion
-	2048	2048	RA	retroarch:2048	2048	TBD	untested	not_checked	not_checked	not_checked	not_checked	not_checked	Explicit systems.json launch profile; needs A30 ROM test.	systems_json_launch_profiles
-	2048	2048	PICO	picoarch:2048	2048	TBD	untested	not_checked	not_checked	not_checked	not_checked	not_checked	Auto PicoArch companion for retroarch:2048; needs A30 ROM test.	picoarch_auto_companion
-	3do	3DO	RA	retroarch:opera	opera	TBD	untested	not_checked	not_checked	not_checked	not_checked	not_checked	Explicit systems.json launch profile; needs A30 ROM test.	systems_json_launch_profiles
-	3do	3DO	PICO	picoarch:opera	opera	TBD	untested	not_checked	not_checked	not_checked	not_checked	not_checked	Auto PicoArch companion for retroarch:opera; needs A30 ROM test.	picoarch_auto_companion
-	amiga	Amiga	RA	retroarch:puae	puae	TBD	untested	not_checked	not_checked	not_checked	not_checked	not_checked	Explicit systems.json launch profile; needs A30 ROM test.	systems_json_launch_profiles
-	amiga	Amiga	PICO	picoarch:puae	puae	TBD	untested	not_checked	not_checked	not_checked	not_checked	not_checked	Auto PicoArch companion for retroarch:puae; needs A30 ROM test.	picoarch_auto_companion
-	atarist	Atari ST	RA	retroarch:hatari	hatari	TBD	untested	not_checked	not_checked	not_checked	not_checked	not_checked	Explicit systems.json launch profile; needs A30 ROM test.	systems_json_launch_profiles
-	atarist	Atari ST	PICO	picoarch:hatari	hatari	TBD	untested	not_checked	not_checked	not_checked	not_checked	not_checked	Auto PicoArch companion for retroarch:hatari; needs A30 ROM test.	picoarch_auto_companion
-	bk	Elektronika BK	RA	retroarch:bk	bk	TBD	untested	not_checked	not_checked	not_checked	not_checked	not_checked	Explicit systems.json launch profile; needs A30 ROM test.	systems_json_launch_profiles
-	bk	Elektronika BK	PICO	picoarch:bk	bk	TBD	untested	not_checked	not_checked	not_checked	not_checked	not_checked	Auto PicoArch companion for retroarch:bk; needs A30 ROM test.	picoarch_auto_companion
-	c64	Commodore 64	RA	retroarch:frodo	frodo	TBD	untested	not_checked	not_checked	not_checked	not_checked	not_checked	Explicit systems.json launch profile; needs A30 ROM test.	systems_json_launch_profiles
-	c64	Commodore 64	RA	retroarch:vice_x64	vice_x64	TBD	untested	not_checked	not_checked	not_checked	not_checked	not_checked	Explicit systems.json launch profile; needs A30 ROM test.	systems_json_launch_profiles
-	c64	Commodore 64	PICO	picoarch:frodo	frodo	TBD	untested	not_checked	not_checked	not_checked	not_checked	not_checked	Auto PicoArch companion for retroarch:frodo; needs A30 ROM test.	picoarch_auto_companion
-	c64	Commodore 64	PICO	picoarch:vice_x64	vice_x64	TBD	untested	not_checked	not_checked	not_checked	not_checked	not_checked	Auto PicoArch companion for retroarch:vice_x64; needs A30 ROM test.	picoarch_auto_companion
-	cannonball	Cannonball	RA	retroarch:cannonball	cannonball	TBD	untested	not_checked	not_checked	not_checked	not_checked	not_checked	Explicit systems.json launch profile; needs A30 ROM test.	systems_json_launch_profiles
-	cannonball	Cannonball	PICO	picoarch:cannonball	cannonball	TBD	untested	not_checked	not_checked	not_checked	not_checked	not_checked	Auto PicoArch companion for retroarch:cannonball; needs A30 ROM test.	picoarch_auto_companion
-	cavestory	Cave Story	RA	retroarch:nxengine	nxengine	TBD	untested	not_checked	not_checked	not_checked	not_checked	not_checked	Explicit systems.json launch profile; needs A30 ROM test.	systems_json_launch_profiles
-	cavestory	Cave Story	PICO	picoarch:nxengine	nxengine	TBD	untested	not_checked	not_checked	not_checked	not_checked	not_checked	Auto PicoArch companion for retroarch:nxengine; needs A30 ROM test.	picoarch_auto_companion
-	chailove	ChaiLove	RA	retroarch:chailove	chailove	TBD	untested	not_checked	not_checked	not_checked	not_checked	not_checked	Explicit systems.json launch profile; needs A30 ROM test.	systems_json_launch_profiles
-	chailove	ChaiLove	PICO	picoarch:chailove	chailove	TBD	untested	not_checked	not_checked	not_checked	not_checked	not_checked	Auto PicoArch companion for retroarch:chailove; needs A30 ROM test.	picoarch_auto_companion
-	channelf	Fairchild Channel F	RA	retroarch:freechaf	freechaf	TBD	untested	not_checked	not_checked	not_checked	not_checked	not_checked	Explicit systems.json launch profile; needs A30 ROM test.	systems_json_launch_profiles
-	channelf	Fairchild Channel F	PICO	picoarch:freechaf	freechaf	TBD	untested	not_checked	not_checked	not_checked	not_checked	not_checked	Auto PicoArch companion for retroarch:freechaf; needs A30 ROM test.	picoarch_auto_companion
-	colecovision	ColecoVision	RA	retroarch:bluemsx	bluemsx	TBD	untested	not_checked	not_checked	not_checked	not_checked	not_checked	Explicit systems.json launch profile; needs A30 ROM test.	systems_json_launch_profiles
-	colecovision	ColecoVision	PICO	picoarch:bluemsx	bluemsx	TBD	untested	not_checked	not_checked	not_checked	not_checked	not_checked	Auto PicoArch companion for retroarch:bluemsx; needs A30 ROM test.	picoarch_auto_companion
-	cpc	Amstrad CPC	RA	retroarch:cap32	cap32	TBD	untested	not_checked	not_checked	not_checked	not_checked	not_checked	Explicit systems.json launch profile; needs A30 ROM test.	systems_json_launch_profiles
-	cpc	Amstrad CPC	RA	retroarch:crocods	crocods	TBD	untested	not_checked	not_checked	not_checked	not_checked	not_checked	Explicit systems.json launch profile; needs A30 ROM test.	systems_json_launch_profiles
-	cpc	Amstrad CPC	PICO	picoarch:cap32	cap32	TBD	untested	not_checked	not_checked	not_checked	not_checked	not_checked	Auto PicoArch companion for retroarch:cap32; needs A30 ROM test.	picoarch_auto_companion
-	cpc	Amstrad CPC	PICO	picoarch:crocods	crocods	TBD	untested	not_checked	not_checked	not_checked	not_checked	not_checked	Auto PicoArch companion for retroarch:crocods; needs A30 ROM test.	picoarch_auto_companion
-	daphne	Daphne	RA	retroarch:daphne	daphne	TBD	untested	not_checked	not_checked	not_checked	not_checked	not_checked	Explicit systems.json launch profile; needs A30 ROM test.	systems_json_launch_profiles
-	daphne	Daphne	PICO	picoarch:daphne	daphne	TBD	untested	not_checked	not_checked	not_checked	not_checked	not_checked	Auto PicoArch companion for retroarch:daphne; needs A30 ROM test.	picoarch_auto_companion
-	dinothawr	Dinothawr	RA	retroarch:dinothawr	dinothawr	TBD	untested	not_checked	not_checked	not_checked	not_checked	not_checked	Explicit systems.json launch profile; needs A30 ROM test.	systems_json_launch_profiles
-	dinothawr	Dinothawr	PICO	picoarch:dinothawr	dinothawr	TBD	untested	not_checked	not_checked	not_checked	not_checked	not_checked	Auto PicoArch companion for retroarch:dinothawr; needs A30 ROM test.	picoarch_auto_companion
-	flashback	Flashback	RA	retroarch:reminiscence	reminiscence	TBD	untested	not_checked	not_checked	not_checked	not_checked	not_checked	Explicit systems.json launch profile; needs A30 ROM test.	systems_json_launch_profiles
-	flashback	Flashback	PICO	picoarch:reminiscence	reminiscence	TBD	untested	not_checked	not_checked	not_checked	not_checked	not_checked	Auto PicoArch companion for retroarch:reminiscence; needs A30 ROM test.	picoarch_auto_companion
2026-06-17	intellivision	Intellivision	RA	retroarch:freeintv	freeintv	user ROM	pass	ok	ok	ok	ok	unknown	User confirmed video/audio/input/performance; performance is accepted when at least one ROM runs satisfactorily. PicoArch freeintv is excluded.	user_report_2026-06-17
-	j2me	Java ME	RA	retroarch:squirreljme	squirreljme	TBD	untested	not_checked	not_checked	not_checked	not_checked	not_checked	Explicit systems.json launch profile; needs A30 ROM test.	systems_json_launch_profiles
-	j2me	Java ME	PICO	picoarch:squirreljme	squirreljme	TBD	untested	not_checked	not_checked	not_checked	not_checked	not_checked	Auto PicoArch companion for retroarch:squirreljme; needs A30 ROM test.	picoarch_auto_companion
-	lowresnx	LowRes NX	RA	retroarch:lowresnx	lowresnx	TBD	untested	not_checked	not_checked	not_checked	not_checked	not_checked	Explicit systems.json launch profile; needs A30 ROM test.	systems_json_launch_profiles
-	lowresnx	LowRes NX	PICO	picoarch:lowresnx	lowresnx	TBD	untested	not_checked	not_checked	not_checked	not_checked	not_checked	Auto PicoArch companion for retroarch:lowresnx; needs A30 ROM test.	picoarch_auto_companion
-	lutro	Lutro	RA	retroarch:lutro	lutro	TBD	untested	not_checked	not_checked	not_checked	not_checked	not_checked	Explicit systems.json launch profile; needs A30 ROM test.	systems_json_launch_profiles
-	lutro	Lutro	PICO	picoarch:lutro	lutro	TBD	untested	not_checked	not_checked	not_checked	not_checked	not_checked	Auto PicoArch companion for retroarch:lutro; needs A30 ROM test.	picoarch_auto_companion
-	microw8	MicroW8	RA	retroarch:uw8	uw8	TBD	untested	not_checked	not_checked	not_checked	not_checked	not_checked	Explicit systems.json launch profile; needs A30 ROM test.	systems_json_launch_profiles
-	microw8	MicroW8	PICO	picoarch:uw8	uw8	TBD	untested	not_checked	not_checked	not_checked	not_checked	not_checked	Auto PicoArch companion for retroarch:uw8; needs A30 ROM test.	picoarch_auto_companion
-	mrboom	Mr.Boom	RA	retroarch:mrboom	mrboom	TBD	untested	not_checked	not_checked	not_checked	not_checked	not_checked	Explicit systems.json launch profile; needs A30 ROM test.	systems_json_launch_profiles
-	mrboom	Mr.Boom	PICO	picoarch:mrboom	mrboom	TBD	untested	not_checked	not_checked	not_checked	not_checked	not_checked	Auto PicoArch companion for retroarch:mrboom; needs A30 ROM test.	picoarch_auto_companion
-	music	Game Music Emu	RA	retroarch:gme	gme	TBD	untested	not_checked	not_checked	not_checked	not_checked	not_checked	Explicit systems.json launch profile; needs A30 ROM test.	systems_json_launch_profiles
-	music	Game Music Emu	PICO	picoarch:gme	gme	TBD	untested	not_checked	not_checked	not_checked	not_checked	not_checked	Auto PicoArch companion for retroarch:gme; needs A30 ROM test.	picoarch_auto_companion
-	palm	Palm OS	RA	retroarch:mu	mu	TBD	untested	not_checked	not_checked	not_checked	not_checked	not_checked	Explicit systems.json launch profile; needs A30 ROM test.	systems_json_launch_profiles
-	palm	Palm OS	PICO	picoarch:mu	mu	TBD	untested	not_checked	not_checked	not_checked	not_checked	not_checked	Auto PicoArch companion for retroarch:mu; needs A30 ROM test.	picoarch_auto_companion
-	pcfx	PC-FX	RA	retroarch:mednafen_pcfx	mednafen_pcfx	TBD	untested	not_checked	not_checked	not_checked	not_checked	not_checked	Explicit systems.json launch profile; needs A30 ROM test.	systems_json_launch_profiles
-	pcfx	PC-FX	PICO	picoarch:mednafen_pcfx	mednafen_pcfx	TBD	untested	not_checked	not_checked	not_checked	not_checked	not_checked	Auto PicoArch companion for retroarch:mednafen_pcfx; needs A30 ROM test.	picoarch_auto_companion
-	quake	Quake	RA	retroarch:tyrquake	tyrquake	TBD	untested	not_checked	not_checked	not_checked	not_checked	not_checked	Explicit systems.json launch profile; needs A30 ROM test.	systems_json_launch_profiles
-	quake	Quake	PICO	picoarch:tyrquake	tyrquake	TBD	untested	not_checked	not_checked	not_checked	not_checked	not_checked	Auto PicoArch companion for retroarch:tyrquake; needs A30 ROM test.	picoarch_auto_companion
-	rickdangerous	Rick Dangerous	RA	retroarch:xrick	xrick	TBD	untested	not_checked	not_checked	not_checked	not_checked	not_checked	Explicit systems.json launch profile; needs A30 ROM test.	systems_json_launch_profiles
-	rickdangerous	Rick Dangerous	PICO	picoarch:xrick	xrick	TBD	untested	not_checked	not_checked	not_checked	not_checked	not_checked	Auto PicoArch companion for retroarch:xrick; needs A30 ROM test.	picoarch_auto_companion
2026-06-17	sg1000	SG-1000	RA	retroarch:bluemsx	bluemsx	user ROM	pass	ok	ok	ok	ok	unknown	User confirmed video/audio/input/performance; performance is accepted when at least one ROM runs satisfactorily.	user_report_2026-06-17
2026-06-17	sg1000	SG-1000	RA	retroarch:gearsystem	gearsystem	user ROM	pass	ok	ok	ok	ok	unknown	User confirmed video/audio/input/performance; performance is accepted when at least one ROM runs satisfactorily.	user_report_2026-06-17
2026-06-17	sg1000	SG-1000	RA	retroarch:genesis_plus_gx	genesis_plus_gx	user ROM	pass	ok	ok	ok	ok	unknown	User confirmed video/audio/input/performance; performance is accepted when at least one ROM runs satisfactorily.	user_report_2026-06-17
2026-06-17	sg1000	SG-1000	RA	retroarch:picodrive	picodrive	user ROM	pass	ok	ok	ok	ok	unknown	User confirmed video/audio/input/performance; performance is accepted when at least one ROM runs satisfactorily.	user_report_2026-06-17
2026-06-17	sg1000	SG-1000	PICO	picoarch:bluemsx	bluemsx	user ROM	pass	ok	ok	ok	ok	unknown	User confirmed video/audio/input/performance; performance is accepted when at least one ROM runs satisfactorily.	user_report_2026-06-17
2026-06-17	sg1000	SG-1000	PICO	picoarch:gearsystem	gearsystem	user ROM	pass	ok	ok	ok	ok	unknown	User confirmed video/audio/input/performance; performance is accepted when at least one ROM runs satisfactorily.	user_report_2026-06-17
2026-06-17	sg1000	SG-1000	PICO	picoarch:genesis_plus_gx	genesis_plus_gx	user ROM	pass	ok	ok	ok	ok	unknown	User confirmed video/audio/input/performance; performance is accepted when at least one ROM runs satisfactorily.	user_report_2026-06-17
2026-06-17	sg1000	SG-1000	PICO	picoarch:picodrive	picodrive	user ROM	pass	ok	ok	ok	ok	unknown	User confirmed video/audio/input/performance; performance is accepted when at least one ROM runs satisfactorily.	user_report_2026-06-17
-	sharpx1	Sharp X1	RA	retroarch:x1	x1	TBD	untested	not_checked	not_checked	not_checked	not_checked	not_checked	Explicit systems.json launch profile; needs A30 ROM test.	systems_json_launch_profiles
-	sharpx1	Sharp X1	PICO	picoarch:x1	x1	TBD	untested	not_checked	not_checked	not_checked	not_checked	not_checked	Auto PicoArch companion for retroarch:x1; needs A30 ROM test.	picoarch_auto_companion
-	thomson	Thomson MO/TO	RA	retroarch:theodore	theodore	TBD	untested	not_checked	not_checked	not_checked	not_checked	not_checked	Explicit systems.json launch profile; needs A30 ROM test.	systems_json_launch_profiles
-	thomson	Thomson MO/TO	PICO	picoarch:theodore	theodore	TBD	untested	not_checked	not_checked	not_checked	not_checked	not_checked	Auto PicoArch companion for retroarch:theodore; needs A30 ROM test.	picoarch_auto_companion
-	ti83	TI-83	RA	retroarch:numero	numero	TBD	untested	not_checked	not_checked	not_checked	not_checked	not_checked	Explicit systems.json launch profile; needs A30 ROM test.	systems_json_launch_profiles
-	ti83	TI-83	PICO	picoarch:numero	numero	TBD	untested	not_checked	not_checked	not_checked	not_checked	not_checked	Auto PicoArch companion for retroarch:numero; needs A30 ROM test.	picoarch_auto_companion
-	uzebox	Uzebox	RA	retroarch:uzem	uzem	TBD	untested	not_checked	not_checked	not_checked	not_checked	not_checked	Explicit systems.json launch profile; needs A30 ROM test.	systems_json_launch_profiles
-	uzebox	Uzebox	PICO	picoarch:uzem	uzem	TBD	untested	not_checked	not_checked	not_checked	not_checked	not_checked	Auto PicoArch companion for retroarch:uzem; needs A30 ROM test.	picoarch_auto_companion
-	vic20	Commodore VIC-20	RA	retroarch:vice_xvic	vice_xvic	TBD	untested	not_checked	not_checked	not_checked	not_checked	not_checked	Explicit systems.json launch profile; needs A30 ROM test.	systems_json_launch_profiles
-	vic20	Commodore VIC-20	PICO	picoarch:vice_xvic	vice_xvic	TBD	untested	not_checked	not_checked	not_checked	not_checked	not_checked	Auto PicoArch companion for retroarch:vice_xvic; needs A30 ROM test.	picoarch_auto_companion
-	vmu	Dreamcast VMU	RA	retroarch:vemulator	vemulator	TBD	untested	not_checked	not_checked	not_checked	not_checked	not_checked	Explicit systems.json launch profile; needs A30 ROM test.	systems_json_launch_profiles
-	vmu	Dreamcast VMU	PICO	picoarch:vemulator	vemulator	TBD	untested	not_checked	not_checked	not_checked	not_checked	not_checked	Auto PicoArch companion for retroarch:vemulator; needs A30 ROM test.	picoarch_auto_companion
-	wolf3d	Wolfenstein 3D	RA	retroarch:ecwolf	ecwolf	TBD	untested	not_checked	not_checked	not_checked	not_checked	not_checked	Explicit systems.json launch profile; needs A30 ROM test.	systems_json_launch_profiles
-	wolf3d	Wolfenstein 3D	PICO	picoarch:ecwolf	ecwolf	TBD	untested	not_checked	not_checked	not_checked	not_checked	not_checked	Auto PicoArch companion for retroarch:ecwolf; needs A30 ROM test.	picoarch_auto_companion
-	zx81	ZX-81	RA	retroarch:81	81	TBD	untested	not_checked	not_checked	not_checked	not_checked	not_checked	Explicit systems.json launch profile; needs A30 ROM test.	systems_json_launch_profiles
-	zx81	ZX-81	PICO	picoarch:81	81	TBD	untested	not_checked	not_checked	not_checked	not_checked	not_checked	Auto PicoArch companion for retroarch:81; needs A30 ROM test.	picoarch_auto_companion
-	zxspectrum	ZX Spectrum	RA	retroarch:fuse	fuse	TBD	untested	not_checked	not_checked	not_checked	not_checked	not_checked	Explicit systems.json launch profile; needs A30 ROM test.	systems_json_launch_profiles
-	zxspectrum	ZX Spectrum	PICO	picoarch:fuse	fuse	TBD	untested	not_checked	not_checked	not_checked	not_checked	not_checked	Auto PicoArch companion for retroarch:fuse; needs A30 ROM test.	picoarch_auto_companion
