system_id	display_name	runtime	launch_profile	component_id	default_profile	verification_status	adoption_state	frontend_runtime	frontend_source	frontend_ref	source_repo	source_ref	version_policy	build_recipe	build_options	build_log	notes
amiga	Amiga	PICO	picoarch:puae	puae	no	pass	adopted	picoarch	https://github.com/shauninman/picoarch.git	802047c276a5a931b0bf837c4ea4b8e238bdeabe	https://github.com/libretro/libretro-uae.git	0b883572b3d67cdfa2ac4a05d0d22202b641d6d2	prefer_onion_version	docker/plumos-toolchain/libretro-core-recipes.tsv	platform=armv jobs=3	docs/build-logs/puae.log	FE auto companion
amiga	Amiga	RA	retroarch:puae	puae	yes	pass	adopted	retroarch-practical	https://github.com/libretro/RetroArch	v1.22.2	https://github.com/libretro/libretro-uae.git	0b883572b3d67cdfa2ac4a05d0d22202b641d6d2	prefer_onion_version	docker/plumos-toolchain/libretro-core-recipes.tsv	platform=armv jobs=3	docs/build-logs/puae.log	systems.json
arcade	Arcade	RA	retroarch:fbalpha2012	fbalpha2012	no	pass	adopted	retroarch-practical	https://github.com/libretro/RetroArch	v1.22.2	https://github.com/libretro/fbalpha2012.git	7f8860543a81ba79c0e1ce1aa219af44568c628a	prefer_onion_version	docker/plumos-toolchain/libretro-core-recipes.tsv	platform=armv jobs=3	docs/build-logs/fbalpha2012.log	systems.json
arcade	Arcade	RA	retroarch:fbneo	fbneo	no	pass	adopted	retroarch-practical	https://github.com/libretro/RetroArch	v1.22.2	https://github.com/libretro/FBNeo.git	bce2754588b17ce7a69acc5faf4ce15bc1a4b80e	prefer_onion_version	docker/plumos-toolchain/libretro-core-recipes.tsv	platform=armv jobs=3	docs/build-logs/fbneo.log	systems.json
arcade	Arcade	RA	retroarch:mame2000	mame2000	no	pass	adopted	retroarch-practical	https://github.com/libretro/RetroArch	v1.22.2	https://github.com/libretro/mame2000-libretro.git	0208517404e841fce0c094f1a2776a0e1c6c101d	prefer_onion_version	docker/plumos-toolchain/libretro-core-recipes.tsv	platform=armv jobs=3	docs/build-logs/mame2000.log	systems.json
arcade	Arcade	RA	retroarch:mame2003_plus	mame2003_plus	yes	pass	adopted	retroarch-practical	https://github.com/libretro/RetroArch	v1.22.2	https://github.com/libretro/mame2003-plus-libretro.git	4bf97d5a4954c2fcb4b9dc19c864357f94e2fbf1	prefer_onion_version	docker/plumos-toolchain/libretro-core-recipes.tsv	platform=armv jobs=3	docs/build-logs/mame2003_plus.log	systems.json
atari2600	Atari 2600	PICO	picoarch:stella2014	stella2014	no	pass	adopted	picoarch	https://github.com/shauninman/picoarch.git	802047c276a5a931b0bf837c4ea4b8e238bdeabe	https://github.com/libretro/stella2014-libretro.git	1351a4fe2ca6b1f3a66c7db0df2ec268ab002d41	prefer_onion_version	docker/plumos-toolchain/libretro-core-recipes.tsv	platform=classic_armv7_a7 jobs=3	docs/build-logs/stella2014.log	FE auto companion
atari2600	Atari 2600	RA	retroarch:stella2014	stella2014	yes	pass	adopted	retroarch-practical	https://github.com/libretro/RetroArch	v1.22.2	https://github.com/libretro/stella2014-libretro.git	1351a4fe2ca6b1f3a66c7db0df2ec268ab002d41	prefer_onion_version	docker/plumos-toolchain/libretro-core-recipes.tsv	platform=classic_armv7_a7 jobs=3	docs/build-logs/stella2014.log	systems.json
atari5200	Atari 5200	PICO	picoarch:atari800	atari800	no	pass_init	candidate_init	picoarch	https://github.com/shauninman/picoarch.git	802047c276a5a931b0bf837c4ea4b8e238bdeabe	https://github.com/libretro/libretro-atari800.git	94033288b026fe699bc50703609807aa8075f4dd	prefer_onion_version	docker/plumos-toolchain/libretro-core-recipes.tsv	platform=armv jobs=3	docs/build-logs/atari800.log	FE auto companion
atari5200	Atari 5200	RA	retroarch:atari800	atari800	yes	pass_init	candidate_init	retroarch-practical	https://github.com/libretro/RetroArch	v1.22.2	https://github.com/libretro/libretro-atari800.git	94033288b026fe699bc50703609807aa8075f4dd	prefer_onion_version	docker/plumos-toolchain/libretro-core-recipes.tsv	platform=armv jobs=3	docs/build-logs/atari800.log	systems.json
atari7800	Atari 7800	PICO	picoarch:prosystem	prosystem	no	pass	adopted	picoarch	https://github.com/shauninman/picoarch.git	802047c276a5a931b0bf837c4ea4b8e238bdeabe	https://github.com/libretro/prosystem-libretro.git	cf544d3c8e40ff197ea5bb177a1269db31077803	prefer_onion_version	docker/plumos-toolchain/libretro-core-recipes.tsv	platform=classic_armv7_a7 jobs=1	docs/build-logs/prosystem.log	FE auto companion
atari7800	Atari 7800	RA	retroarch:prosystem	prosystem	yes	pass	adopted	retroarch-practical	https://github.com/libretro/RetroArch	v1.22.2	https://github.com/libretro/prosystem-libretro.git	cf544d3c8e40ff197ea5bb177a1269db31077803	prefer_onion_version	docker/plumos-toolchain/libretro-core-recipes.tsv	platform=classic_armv7_a7 jobs=1	docs/build-logs/prosystem.log	systems.json
atari800	Atari 8-bit	PICO	picoarch:atari800	atari800	no	pass_init	candidate_init	picoarch	https://github.com/shauninman/picoarch.git	802047c276a5a931b0bf837c4ea4b8e238bdeabe	https://github.com/libretro/libretro-atari800.git	94033288b026fe699bc50703609807aa8075f4dd	prefer_onion_version	docker/plumos-toolchain/libretro-core-recipes.tsv	platform=armv jobs=3	docs/build-logs/atari800.log	FE auto companion
atari800	Atari 8-bit	RA	retroarch:atari800	atari800	yes	pass_init	candidate_init	retroarch-practical	https://github.com/libretro/RetroArch	v1.22.2	https://github.com/libretro/libretro-atari800.git	94033288b026fe699bc50703609807aa8075f4dd	prefer_onion_version	docker/plumos-toolchain/libretro-core-recipes.tsv	platform=armv jobs=3	docs/build-logs/atari800.log	systems.json
atarist	Atari ST	PICO	picoarch:hatari	hatari	no	pass_init	candidate_init	picoarch	https://github.com/shauninman/picoarch.git	802047c276a5a931b0bf837c4ea4b8e238bdeabe	https://github.com/libretro/hatari.git	245e1a126f8920cc7f6fbb582fdc9fd110de7a30	prefer_onion_version	docker/plumos-toolchain/libretro-core-recipes.tsv	platform=armv jobs=3	docs/build-logs/hatari.log	FE auto companion; launcher applies rotated joystickd sources axisYR/axisXR
atarist	Atari ST	RA	retroarch:hatari	hatari	yes	pass	adopted	retroarch-practical	https://github.com/libretro/RetroArch	v1.22.2	https://github.com/libretro/hatari.git	245e1a126f8920cc7f6fbb582fdc9fd110de7a30	prefer_onion_version	docker/plumos-toolchain/libretro-core-recipes.tsv	platform=armv jobs=3	docs/build-logs/hatari.log	systems.json
c64	Commodore 64	PICO	picoarch:frodo	frodo	no	pass_init	candidate_init	picoarch	https://github.com/shauninman/picoarch.git	802047c276a5a931b0bf837c4ea4b8e238bdeabe	https://github.com/libretro/frodo-libretro.git	77d2f2d1572fca4331e5449d7c3e636574e6735c	prefer_onion_version	docker/plumos-toolchain/libretro-core-recipes.tsv	platform=unix-armv7-hardfloat-neon jobs=3	docs/build-logs/frodo.log	FE auto companion
c64	Commodore 64	PICO	picoarch:vice_x64	vice_x64	no	pass_init	candidate_init	picoarch	https://github.com/shauninman/picoarch.git	802047c276a5a931b0bf837c4ea4b8e238bdeabe	https://github.com/libretro/vice-libretro.git	5a18264beed0c498e5fcd7e362c7bda9d65a5c2a	prefer_onion_version	docker/plumos-toolchain/libretro-core-recipes.tsv	platform=armv jobs=3	docs/build-logs/vice_x64.log	FE auto companion
c64	Commodore 64	RA	retroarch:frodo	frodo	no	pass_init	candidate_init	retroarch-practical	https://github.com/libretro/RetroArch	v1.22.2	https://github.com/libretro/frodo-libretro.git	77d2f2d1572fca4331e5449d7c3e636574e6735c	prefer_onion_version	docker/plumos-toolchain/libretro-core-recipes.tsv	platform=unix-armv7-hardfloat-neon jobs=3	docs/build-logs/frodo.log	systems.json
c64	Commodore 64	RA	retroarch:vice_x64	vice_x64	yes	pass_init	candidate_init	retroarch-practical	https://github.com/libretro/RetroArch	v1.22.2	https://github.com/libretro/vice-libretro.git	5a18264beed0c498e5fcd7e362c7bda9d65a5c2a	prefer_onion_version	docker/plumos-toolchain/libretro-core-recipes.tsv	platform=armv jobs=3	docs/build-logs/vice_x64.log	systems.json
cannonball	Cannonball	PICO	picoarch:cannonball	cannonball	no	pass	adopted	picoarch	https://github.com/shauninman/picoarch.git	802047c276a5a931b0bf837c4ea4b8e238bdeabe	https://github.com/libretro/cannonball.git	8fb0d9561ee110f31f45610661649f0c1ff068ee	prefer_onion_version	docker/plumos-toolchain/libretro-core-recipes.tsv	platform=armv jobs=3	docs/build-logs/cannonball.log	FE auto companion
cannonball	Cannonball	RA	retroarch:cannonball	cannonball	yes	pass	adopted	retroarch-practical	https://github.com/libretro/RetroArch	v1.22.2	https://github.com/libretro/cannonball.git	8fb0d9561ee110f31f45610661649f0c1ff068ee	prefer_onion_version	docker/plumos-toolchain/libretro-core-recipes.tsv	platform=armv jobs=3	docs/build-logs/cannonball.log	systems.json
chailove	ChaiLove	PICO	picoarch:chailove	chailove	no	pass_init	candidate_init	picoarch	https://github.com/shauninman/picoarch.git	802047c276a5a931b0bf837c4ea4b8e238bdeabe	https://github.com/libretro/libretro-chailove.git	69000df629896fb08c26edcfb7a6f08d40e0c74c	prefer_onion_version	docker/plumos-toolchain/libretro-core-recipes.tsv	platform=armv jobs=3	docs/build-logs/chailove.log	FE auto companion; launcher sets SDL_VIDEODRIVER=LIBRETROvideo for ChaiLove
chailove	ChaiLove	RA	retroarch:chailove	chailove	yes	pass_init	candidate_init	retroarch-practical	https://github.com/libretro/RetroArch	v1.22.2	https://github.com/libretro/libretro-chailove.git	69000df629896fb08c26edcfb7a6f08d40e0c74c	prefer_onion_version	docker/plumos-toolchain/libretro-core-recipes.tsv	platform=armv jobs=3	docs/build-logs/chailove.log	systems.json; launcher sets SDL_VIDEODRIVER=LIBRETROvideo for ChaiLove
channelf	Fairchild Channel F	PICO	picoarch:freechaf	freechaf	no	untested	candidate_waiting_content	picoarch	https://github.com/shauninman/picoarch.git	802047c276a5a931b0bf837c4ea4b8e238bdeabe	https://github.com/libretro/FreeChaF.git	4d1d5cb83b93728a63f03454e472a23055d9bbfc	prefer_onion_version	docker/plumos-toolchain/libretro-core-recipes.tsv	platform=armv jobs=3	docs/build-logs/freechaf.log	FE auto companion; requires sl31254.bin plus sl31253.bin or sl90025.bin in /mnt/SDCARD/Bios
channelf	Fairchild Channel F	RA	retroarch:freechaf	freechaf	yes	untested	candidate_waiting_content	retroarch-practical	https://github.com/libretro/RetroArch	v1.22.2	https://github.com/libretro/FreeChaF.git	4d1d5cb83b93728a63f03454e472a23055d9bbfc	prefer_onion_version	docker/plumos-toolchain/libretro-core-recipes.tsv	platform=armv jobs=3	docs/build-logs/freechaf.log	systems.json; requires sl31254.bin plus sl31253.bin or sl90025.bin in /mnt/SDCARD/Bios
colecovision	ColecoVision	PICO	picoarch:bluemsx	bluemsx	no	pass	adopted	picoarch	https://github.com/shauninman/picoarch.git	802047c276a5a931b0bf837c4ea4b8e238bdeabe	https://github.com/libretro/blueMSX-libretro.git	acf358be18644a9df0ed9602d63c2f73d4fe605a	prefer_onion_version	docker/plumos-toolchain/libretro-core-recipes.tsv	platform=armv jobs=3	docs/build-logs/bluemsx.log	FE auto companion
colecovision	ColecoVision	RA	retroarch:bluemsx	bluemsx	yes	pass	adopted	retroarch-practical	https://github.com/libretro/RetroArch	v1.22.2	https://github.com/libretro/blueMSX-libretro.git	acf358be18644a9df0ed9602d63c2f73d4fe605a	prefer_onion_version	docker/plumos-toolchain/libretro-core-recipes.tsv	platform=armv jobs=3	docs/build-logs/bluemsx.log	systems.json
cpc	Amstrad CPC	PICO	picoarch:cap32	cap32	no	pass	adopted	picoarch	https://github.com/shauninman/picoarch.git	802047c276a5a931b0bf837c4ea4b8e238bdeabe	https://github.com/libretro/libretro-cap32.git	dbfa1aa2dc132f57289329252829174c1cea4230	prefer_onion_version	docker/plumos-toolchain/libretro-core-recipes.tsv	platform=armv jobs=3	docs/build-logs/cap32.log	FE auto companion
cpc	Amstrad CPC	PICO	picoarch:crocods	crocods	no	pass	adopted	picoarch	https://github.com/shauninman/picoarch.git	802047c276a5a931b0bf837c4ea4b8e238bdeabe	https://github.com/libretro/libretro-crocods.git	f1b4b91291ba1e8e7c0be02269cd0d75c7fa71b9	prefer_onion_version	docker/plumos-toolchain/libretro-core-recipes.tsv	platform=armv jobs=3	docs/build-logs/crocods.log	FE auto companion
cpc	Amstrad CPC	RA	retroarch:cap32	cap32	no	pass	adopted	retroarch-practical	https://github.com/libretro/RetroArch	v1.22.2	https://github.com/libretro/libretro-cap32.git	dbfa1aa2dc132f57289329252829174c1cea4230	prefer_onion_version	docker/plumos-toolchain/libretro-core-recipes.tsv	platform=armv jobs=3	docs/build-logs/cap32.log	systems.json
cpc	Amstrad CPC	RA	retroarch:crocods	crocods	yes	pass	adopted	retroarch-practical	https://github.com/libretro/RetroArch	v1.22.2	https://github.com/libretro/libretro-crocods.git	f1b4b91291ba1e8e7c0be02269cd0d75c7fa71b9	prefer_onion_version	docker/plumos-toolchain/libretro-core-recipes.tsv	platform=armv jobs=3	docs/build-logs/crocods.log	systems.json
cps1	CPS1	PICO	picoarch:fbalpha2012	fbalpha2012	no	pass	adopted	picoarch	https://github.com/shauninman/picoarch.git	802047c276a5a931b0bf837c4ea4b8e238bdeabe	https://github.com/libretro/fbalpha2012.git	7f8860543a81ba79c0e1ce1aa219af44568c628a	prefer_onion_version	docker/plumos-toolchain/libretro-core-recipes.tsv	platform=armv jobs=3	docs/build-logs/fbalpha2012.log	FE auto companion
cps1	CPS1	PICO	picoarch:fbalpha2012_cps1	fbalpha2012_cps1	no	pass	adopted	picoarch	https://github.com/shauninman/picoarch.git	802047c276a5a931b0bf837c4ea4b8e238bdeabe	https://github.com/libretro/fbalpha2012_cps1.git	8bfb264ecf977c14efe762f0951dfdce76077f97	prefer_onion_version	docker/plumos-toolchain/libretro-core-recipes.tsv	platform=armv jobs=3	docs/build-logs/fbalpha2012_cps1.log	FE auto companion
cps1	CPS1	PICO	picoarch:fbneo	fbneo	no	pass	adopted	picoarch	https://github.com/shauninman/picoarch.git	802047c276a5a931b0bf837c4ea4b8e238bdeabe	https://github.com/libretro/FBNeo.git	bce2754588b17ce7a69acc5faf4ce15bc1a4b80e	prefer_onion_version	docker/plumos-toolchain/libretro-core-recipes.tsv	platform=armv jobs=3	docs/build-logs/fbneo.log	FE auto companion
cps1	CPS1	RA	retroarch:fbalpha2012	fbalpha2012	no	pass	adopted	retroarch-practical	https://github.com/libretro/RetroArch	v1.22.2	https://github.com/libretro/fbalpha2012.git	7f8860543a81ba79c0e1ce1aa219af44568c628a	prefer_onion_version	docker/plumos-toolchain/libretro-core-recipes.tsv	platform=armv jobs=3	docs/build-logs/fbalpha2012.log	systems.json
cps1	CPS1	RA	retroarch:fbalpha2012_cps1	fbalpha2012_cps1	no	pass	adopted	retroarch-practical	https://github.com/libretro/RetroArch	v1.22.2	https://github.com/libretro/fbalpha2012_cps1.git	8bfb264ecf977c14efe762f0951dfdce76077f97	prefer_onion_version	docker/plumos-toolchain/libretro-core-recipes.tsv	platform=armv jobs=3	docs/build-logs/fbalpha2012_cps1.log	systems.json
cps1	CPS1	RA	retroarch:fbneo	fbneo	yes	pass	adopted	retroarch-practical	https://github.com/libretro/RetroArch	v1.22.2	https://github.com/libretro/FBNeo.git	bce2754588b17ce7a69acc5faf4ce15bc1a4b80e	prefer_onion_version	docker/plumos-toolchain/libretro-core-recipes.tsv	platform=armv jobs=3	docs/build-logs/fbneo.log	systems.json
cps2	CPS2	PICO	picoarch:fbalpha2012	fbalpha2012	no	pass	adopted	picoarch	https://github.com/shauninman/picoarch.git	802047c276a5a931b0bf837c4ea4b8e238bdeabe	https://github.com/libretro/fbalpha2012.git	7f8860543a81ba79c0e1ce1aa219af44568c628a	prefer_onion_version	docker/plumos-toolchain/libretro-core-recipes.tsv	platform=armv jobs=3	docs/build-logs/fbalpha2012.log	FE auto companion
cps2	CPS2	PICO	picoarch:fbalpha2012_cps2	fbalpha2012_cps2	no	pass	adopted	picoarch	https://github.com/shauninman/picoarch.git	802047c276a5a931b0bf837c4ea4b8e238bdeabe	https://github.com/libretro/fbalpha2012_cps2.git	33191f1b463b6dcf9a36d7a6ca660f63ddd7e08e	prefer_onion_version	docker/plumos-toolchain/libretro-core-recipes.tsv	platform=armv jobs=3	docs/build-logs/fbalpha2012_cps2.log	FE auto companion
cps2	CPS2	PICO	picoarch:fbneo	fbneo	no	pass	adopted	picoarch	https://github.com/shauninman/picoarch.git	802047c276a5a931b0bf837c4ea4b8e238bdeabe	https://github.com/libretro/FBNeo.git	bce2754588b17ce7a69acc5faf4ce15bc1a4b80e	prefer_onion_version	docker/plumos-toolchain/libretro-core-recipes.tsv	platform=armv jobs=3	docs/build-logs/fbneo.log	FE auto companion
cps2	CPS2	RA	retroarch:fbalpha2012	fbalpha2012	no	pass	adopted	retroarch-practical	https://github.com/libretro/RetroArch	v1.22.2	https://github.com/libretro/fbalpha2012.git	7f8860543a81ba79c0e1ce1aa219af44568c628a	prefer_onion_version	docker/plumos-toolchain/libretro-core-recipes.tsv	platform=armv jobs=3	docs/build-logs/fbalpha2012.log	systems.json
cps2	CPS2	RA	retroarch:fbalpha2012_cps2	fbalpha2012_cps2	no	pass	adopted	retroarch-practical	https://github.com/libretro/RetroArch	v1.22.2	https://github.com/libretro/fbalpha2012_cps2.git	33191f1b463b6dcf9a36d7a6ca660f63ddd7e08e	prefer_onion_version	docker/plumos-toolchain/libretro-core-recipes.tsv	platform=armv jobs=3	docs/build-logs/fbalpha2012_cps2.log	systems.json
cps2	CPS2	RA	retroarch:fbneo	fbneo	yes	pass	adopted	retroarch-practical	https://github.com/libretro/RetroArch	v1.22.2	https://github.com/libretro/FBNeo.git	bce2754588b17ce7a69acc5faf4ce15bc1a4b80e	prefer_onion_version	docker/plumos-toolchain/libretro-core-recipes.tsv	platform=armv jobs=3	docs/build-logs/fbneo.log	systems.json
cps3	CPS3	PICO	picoarch:fbalpha2012	fbalpha2012	no	pass	adopted	picoarch	https://github.com/shauninman/picoarch.git	802047c276a5a931b0bf837c4ea4b8e238bdeabe	https://github.com/libretro/fbalpha2012.git	7f8860543a81ba79c0e1ce1aa219af44568c628a	prefer_onion_version	docker/plumos-toolchain/libretro-core-recipes.tsv	platform=armv jobs=3	docs/build-logs/fbalpha2012.log	FE auto companion
cps3	CPS3	PICO	picoarch:fbneo	fbneo	no	pass	adopted	picoarch	https://github.com/shauninman/picoarch.git	802047c276a5a931b0bf837c4ea4b8e238bdeabe	https://github.com/libretro/FBNeo.git	bce2754588b17ce7a69acc5faf4ce15bc1a4b80e	prefer_onion_version	docker/plumos-toolchain/libretro-core-recipes.tsv	platform=armv jobs=3	docs/build-logs/fbneo.log	FE auto companion
cps3	CPS3	RA	retroarch:fbalpha2012	fbalpha2012	no	pass	adopted	retroarch-practical	https://github.com/libretro/RetroArch	v1.22.2	https://github.com/libretro/fbalpha2012.git	7f8860543a81ba79c0e1ce1aa219af44568c628a	prefer_onion_version	docker/plumos-toolchain/libretro-core-recipes.tsv	platform=armv jobs=3	docs/build-logs/fbalpha2012.log	systems.json
cps3	CPS3	RA	retroarch:fbneo	fbneo	yes	pass	adopted	retroarch-practical	https://github.com/libretro/RetroArch	v1.22.2	https://github.com/libretro/FBNeo.git	bce2754588b17ce7a69acc5faf4ce15bc1a4b80e	prefer_onion_version	docker/plumos-toolchain/libretro-core-recipes.tsv	platform=armv jobs=3	docs/build-logs/fbneo.log	systems.json
dinothawr	Dinothawr	PICO	picoarch:dinothawr	dinothawr	no	pass	adopted	picoarch	https://github.com/shauninman/picoarch.git	802047c276a5a931b0bf837c4ea4b8e238bdeabe	https://github.com/libretro/Dinothawr.git	33fb82a8df4e440f96d19bba38668beaa1b414fc	prefer_onion_version	docker/plumos-toolchain/libretro-core-recipes.tsv	platform=classic_armv7_a7 jobs=1	docs/build-logs/dinothawr.log	FE auto companion
dinothawr	Dinothawr	RA	retroarch:dinothawr	dinothawr	yes	pass	adopted	retroarch-practical	https://github.com/libretro/RetroArch	v1.22.2	https://github.com/libretro/Dinothawr.git	33fb82a8df4e440f96d19bba38668beaa1b414fc	prefer_onion_version	docker/plumos-toolchain/libretro-core-recipes.tsv	platform=classic_armv7_a7 jobs=1	docs/build-logs/dinothawr.log	systems.json
doom	Doom	PICO	picoarch:prboom	prboom	no	pass_init	candidate_init	picoarch	https://github.com/shauninman/picoarch.git	802047c276a5a931b0bf837c4ea4b8e238bdeabe	https://github.com/libretro/libretro-prboom.git	4e671fa0a4b7b892e17ac4e1803c9d627653a4c1	prefer_onion_version	docker/plumos-toolchain/libretro-core-recipes.tsv	platform=armv jobs=3	docs/build-logs/prboom.log	FE auto companion; launcher applies rotated joystickd sources axisYR/axisXR
doom	Doom	RA	retroarch:prboom	prboom	yes	pass	adopted	retroarch-practical	https://github.com/libretro/RetroArch	v1.22.2	https://github.com/libretro/libretro-prboom.git	4e671fa0a4b7b892e17ac4e1803c9d627653a4c1	prefer_onion_version	docker/plumos-toolchain/libretro-core-recipes.tsv	platform=armv jobs=3	docs/build-logs/prboom.log	systems.json
dos	DOS	PICO	picoarch:dosbox_pure	dosbox_pure	no	pass_init	candidate_init	picoarch	https://github.com/shauninman/picoarch.git	802047c276a5a931b0bf837c4ea4b8e238bdeabe	https://github.com/libretro/dosbox-pure.git	035e01e43623f83a9e71f362364fd74091379455	prefer_onion_version	docker/plumos-toolchain/libretro-core-recipes.tsv	platform=armv STRIPCMD=arm-linux-gnueabihf-strip jobs=3	docs/build-logs/dosbox_pure.log	FE auto companion; launcher applies rotated joystickd sources axisYR/axisXR
dos	DOS	RA	retroarch:dosbox_pure	dosbox_pure	yes	pass	adopted	retroarch-practical	https://github.com/libretro/RetroArch	v1.22.2	https://github.com/libretro/dosbox-pure.git	035e01e43623f83a9e71f362364fd74091379455	prefer_onion_version	docker/plumos-toolchain/libretro-core-recipes.tsv	platform=armv STRIPCMD=arm-linux-gnueabihf-strip jobs=3	docs/build-logs/dosbox_pure.log	systems.json
easyrpg	EasyRPG	SA	standalone:easyrpg	easyrpg	yes	pass	adopted	standalone	https://github.com/EasyRPG/Player.git	0.8.1.1	https://github.com/EasyRPG/Player.git	0.8.1.1	standalone_pinned	docker/plumos-toolchain/scripts/build-standalone-emulators.sh	SDL2/A30 rotation; mpg123/Vorbis/Opus/MOD/LZH/Freetype	docs/build-logs/easyrpg.log	systems.json
fbneo	FBNeo	PICO	picoarch:fbneo	fbneo	no	pass	adopted	picoarch	https://github.com/shauninman/picoarch.git	802047c276a5a931b0bf837c4ea4b8e238bdeabe	https://github.com/libretro/FBNeo.git	bce2754588b17ce7a69acc5faf4ce15bc1a4b80e	prefer_onion_version	docker/plumos-toolchain/libretro-core-recipes.tsv	platform=armv jobs=3	docs/build-logs/fbneo.log	FE auto companion
fbneo	FBNeo	RA	retroarch:fbneo	fbneo	yes	pass	adopted	retroarch-practical	https://github.com/libretro/RetroArch	v1.22.2	https://github.com/libretro/FBNeo.git	bce2754588b17ce7a69acc5faf4ce15bc1a4b80e	prefer_onion_version	docker/plumos-toolchain/libretro-core-recipes.tsv	platform=armv jobs=3	docs/build-logs/fbneo.log	systems.json
fds	FDS	PICO	picoarch:fceumm	fceumm	no	pass_init	candidate_init	picoarch	https://github.com/shauninman/picoarch.git	802047c276a5a931b0bf837c4ea4b8e238bdeabe	https://github.com/libretro/libretro-fceumm.git	61171e198f8525ea99aca04116e45a9e3f358855	prefer_onion_version	docker/plumos-toolchain/libretro-core-recipes.tsv	platform=armv7-hardfloat-neon HAVE_NEON=1 ARCH=arm BUILTIN_GPU=neon jobs=3	docs/build-logs/fceumm.log	FE auto companion; launcher uses PicoArch-compatible fceumm core under emulators/picoarch/cores; launcher uses PicoArch bundled fceumm compatibility core when present
fds	FDS	PICO	picoarch:nestopia	nestopia	no	pass	adopted	picoarch	https://github.com/shauninman/picoarch.git	802047c276a5a931b0bf837c4ea4b8e238bdeabe	https://github.com/libretro/nestopia.git	a9ee6ca84f04990e209880fe47144e62b14253db	prefer_onion_version	docker/plumos-toolchain/libretro-core-recipes.tsv	platform=classic_armv7_a7 jobs=1	docs/build-logs/nestopia.log	FE auto companion
fds	FDS	RA	retroarch:fceumm	fceumm	yes	pass	adopted	retroarch-practical	https://github.com/libretro/RetroArch	v1.22.2	https://github.com/libretro/libretro-fceumm.git	61171e198f8525ea99aca04116e45a9e3f358855	prefer_onion_version	docker/plumos-toolchain/libretro-core-recipes.tsv	platform=armv7-hardfloat-neon HAVE_NEON=1 ARCH=arm BUILTIN_GPU=neon jobs=3	docs/build-logs/fceumm.log	systems.json
fds	FDS	RA	retroarch:nestopia	nestopia	no	pass	adopted	retroarch-practical	https://github.com/libretro/RetroArch	v1.22.2	https://github.com/libretro/nestopia.git	a9ee6ca84f04990e209880fe47144e62b14253db	prefer_onion_version	docker/plumos-toolchain/libretro-core-recipes.tsv	platform=classic_armv7_a7 jobs=1	docs/build-logs/nestopia.log	systems.json
gameandwatch	Game & Watch	PICO	picoarch:gw	gw	no	pass	adopted	picoarch	https://github.com/shauninman/picoarch.git	802047c276a5a931b0bf837c4ea4b8e238bdeabe	https://github.com/libretro/gw-libretro.git	19a1cb3105ca4a82139fb4994e7995fd956f6f8d	prefer_onion_version	docker/plumos-toolchain/libretro-core-recipes.tsv	platform=classic_armv7_a7 jobs=1	docs/build-logs/gw.log	FE auto companion
gameandwatch	Game & Watch	RA	retroarch:gw	gw	yes	pass	adopted	retroarch-practical	https://github.com/libretro/RetroArch	v1.22.2	https://github.com/libretro/gw-libretro.git	19a1cb3105ca4a82139fb4994e7995fd956f6f8d	prefer_onion_version	docker/plumos-toolchain/libretro-core-recipes.tsv	platform=classic_armv7_a7 jobs=1	docs/build-logs/gw.log	systems.json
gamegear	Game Gear	PICO	picoarch:gearsystem	gearsystem	no	pass	adopted	picoarch	https://github.com/shauninman/picoarch.git	802047c276a5a931b0bf837c4ea4b8e238bdeabe	https://github.com/drhelius/Gearsystem.git	5d6fedacb3ef2a9481fa52aac67fefb47aaf72c0	prefer_onion_version	docker/plumos-toolchain/libretro-core-recipes.tsv	platform=armv jobs=3	docs/build-logs/gearsystem.log	FE auto companion
gamegear	Game Gear	PICO	picoarch:genesis_plus_gx	genesis_plus_gx	no	pass	adopted	picoarch	https://github.com/shauninman/picoarch.git	802047c276a5a931b0bf837c4ea4b8e238bdeabe	https://github.com/libretro/Genesis-Plus-GX.git	aea7b9d5475ec02427fbb00a9093cae74b87ff8a	prefer_onion_version	docker/plumos-toolchain/libretro-core-recipes.tsv	platform=classic_armv7_a7 jobs=3	docs/build-logs/genesis_plus_gx.log	FE auto companion
gamegear	Game Gear	PICO	picoarch:picodrive	picodrive	no	pass	adopted	picoarch	https://github.com/shauninman/picoarch.git	802047c276a5a931b0bf837c4ea4b8e238bdeabe	https://github.com/libretro/picodrive.git	13ceea4ceb5f1b3a7d56baf67ec55247c1dfd154	prefer_onion_version	docker/plumos-toolchain/libretro-core-recipes.tsv	platform=classic_armv7_a7 jobs=1	docs/build-logs/picodrive.log	FE auto companion
gamegear	Game Gear	RA	retroarch:gearsystem	gearsystem	no	pass	adopted	retroarch-practical	https://github.com/libretro/RetroArch	v1.22.2	https://github.com/drhelius/Gearsystem.git	5d6fedacb3ef2a9481fa52aac67fefb47aaf72c0	prefer_onion_version	docker/plumos-toolchain/libretro-core-recipes.tsv	platform=armv jobs=3	docs/build-logs/gearsystem.log	systems.json
gamegear	Game Gear	RA	retroarch:genesis_plus_gx	genesis_plus_gx	yes	pass	adopted	retroarch-practical	https://github.com/libretro/RetroArch	v1.22.2	https://github.com/libretro/Genesis-Plus-GX.git	aea7b9d5475ec02427fbb00a9093cae74b87ff8a	prefer_onion_version	docker/plumos-toolchain/libretro-core-recipes.tsv	platform=classic_armv7_a7 jobs=3	docs/build-logs/genesis_plus_gx.log	systems.json
gamegear	Game Gear	RA	retroarch:picodrive	picodrive	no	pass	adopted	retroarch-practical	https://github.com/libretro/RetroArch	v1.22.2	https://github.com/libretro/picodrive.git	13ceea4ceb5f1b3a7d56baf67ec55247c1dfd154	prefer_onion_version	docker/plumos-toolchain/libretro-core-recipes.tsv	platform=classic_armv7_a7 jobs=1	docs/build-logs/picodrive.log	systems.json
gb	GB	PICO	picoarch:gambatte	gambatte	no	pass	adopted	picoarch	https://github.com/shauninman/picoarch.git	802047c276a5a931b0bf837c4ea4b8e238bdeabe	https://github.com/libretro/gambatte-libretro.git	90701d6e5d68d31ead49f92f222c144c44a2645c	prefer_onion_version	docker/plumos-toolchain/libretro-core-recipes.tsv	platform=classic_armv7_a7 jobs=1	docs/build-logs/gambatte.log	FE auto companion
gb	GB	PICO	picoarch:gearboy	gearboy	no	pass	adopted	picoarch	https://github.com/shauninman/picoarch.git	802047c276a5a931b0bf837c4ea4b8e238bdeabe	https://github.com/drhelius/Gearboy.git	8762faf754a84891078d4b2597c557a828631c9e	prefer_onion_version	docker/plumos-toolchain/libretro-core-recipes.tsv	platform=armv jobs=3	docs/build-logs/gearboy.log	FE auto companion
gb	GB	PICO	picoarch:mgba	mgba	no	pass_init	candidate_init	picoarch	https://github.com/shauninman/picoarch.git	802047c276a5a931b0bf837c4ea4b8e238bdeabe	https://github.com/libretro/mgba.git	4f70b313fcf82b043bee232dd5af231a7755e1d8	prefer_onion_version	docker/plumos-toolchain/libretro-core-recipes.tsv	cmake/configure jobs=3	docs/build-logs/mgba.log	FE auto companion
gb	GB	PICO	picoarch:vbam	vbam	no	pass	adopted	picoarch	https://github.com/shauninman/picoarch.git	802047c276a5a931b0bf837c4ea4b8e238bdeabe	https://github.com/libretro/vbam-libretro.git	254f6effebe882b7d3d29d9e417c6aeeabc08026	prefer_onion_version	docker/plumos-toolchain/libretro-core-recipes.tsv	platform=armv jobs=3	docs/build-logs/vbam.log	FE auto companion
gb	GB	RA	retroarch:gambatte	gambatte	yes	pass	adopted	retroarch-practical	https://github.com/libretro/RetroArch	v1.22.2	https://github.com/libretro/gambatte-libretro.git	90701d6e5d68d31ead49f92f222c144c44a2645c	prefer_onion_version	docker/plumos-toolchain/libretro-core-recipes.tsv	platform=classic_armv7_a7 jobs=1	docs/build-logs/gambatte.log	systems.json
gb	GB	RA	retroarch:gearboy	gearboy	no	pass	adopted	retroarch-practical	https://github.com/libretro/RetroArch	v1.22.2	https://github.com/drhelius/Gearboy.git	8762faf754a84891078d4b2597c557a828631c9e	prefer_onion_version	docker/plumos-toolchain/libretro-core-recipes.tsv	platform=armv jobs=3	docs/build-logs/gearboy.log	systems.json
gb	GB	RA	retroarch:mgba	mgba	no	pass_init	candidate_init	retroarch-practical	https://github.com/libretro/RetroArch	v1.22.2	https://github.com/libretro/mgba.git	4f70b313fcf82b043bee232dd5af231a7755e1d8	prefer_onion_version	docker/plumos-toolchain/libretro-core-recipes.tsv	cmake/configure jobs=3	docs/build-logs/mgba.log	systems.json
gb	GB	RA	retroarch:tgbdual	tgbdual	no	pass	adopted	retroarch-practical	https://github.com/libretro/RetroArch	v1.22.2	https://github.com/libretro/tgbdual-libretro.git	a6f3018e6a23030afc1873845ee54d4b2d8ec9d3	prefer_onion_version	docker/plumos-toolchain/libretro-core-recipes.tsv	platform=classic_armv7_a7 jobs=1	docs/build-logs/tgbdual.log	systems.json
gb	GB	RA	retroarch:vbam	vbam	no	pass	adopted	retroarch-practical	https://github.com/libretro/RetroArch	v1.22.2	https://github.com/libretro/vbam-libretro.git	254f6effebe882b7d3d29d9e417c6aeeabc08026	prefer_onion_version	docker/plumos-toolchain/libretro-core-recipes.tsv	platform=armv jobs=3	docs/build-logs/vbam.log	systems.json
gba	GBA	PICO	picoarch:gpsp	gpsp	no	pass	adopted	picoarch	https://github.com/shauninman/picoarch.git	802047c276a5a931b0bf837c4ea4b8e238bdeabe	https://github.com/libretro/gpsp.git	6250979f01db3f9ee5ebca179316e1319f017b48	prefer_onion_version	docker/plumos-toolchain/libretro-core-recipes.tsv	platform=classic_armv7_a7 jobs=1	docs/build-logs/gpsp.log	FE auto companion
gba	GBA	PICO	picoarch:mgba	mgba	no	pass_init	candidate_init	picoarch	https://github.com/shauninman/picoarch.git	802047c276a5a931b0bf837c4ea4b8e238bdeabe	https://github.com/libretro/mgba.git	4f70b313fcf82b043bee232dd5af231a7755e1d8	prefer_onion_version	docker/plumos-toolchain/libretro-core-recipes.tsv	cmake/configure jobs=3	docs/build-logs/mgba.log	FE auto companion
gba	GBA	RA	retroarch:gpsp	gpsp	no	pass	adopted	retroarch-practical	https://github.com/libretro/RetroArch	v1.22.2	https://github.com/libretro/gpsp.git	6250979f01db3f9ee5ebca179316e1319f017b48	prefer_onion_version	docker/plumos-toolchain/libretro-core-recipes.tsv	platform=classic_armv7_a7 jobs=1	docs/build-logs/gpsp.log	systems.json
gba	GBA	RA	retroarch:mgba	mgba	yes	pass_init	candidate_init	retroarch-practical	https://github.com/libretro/RetroArch	v1.22.2	https://github.com/libretro/mgba.git	4f70b313fcf82b043bee232dd5af231a7755e1d8	prefer_onion_version	docker/plumos-toolchain/libretro-core-recipes.tsv	cmake/configure jobs=3	docs/build-logs/mgba.log	systems.json
gbc	GBC	PICO	picoarch:gambatte	gambatte	no	pass_init	candidate_init	picoarch	https://github.com/shauninman/picoarch.git	802047c276a5a931b0bf837c4ea4b8e238bdeabe	https://github.com/libretro/gambatte-libretro.git	90701d6e5d68d31ead49f92f222c144c44a2645c	prefer_onion_version	docker/plumos-toolchain/libretro-core-recipes.tsv	platform=classic_armv7_a7 jobs=1	docs/build-logs/gambatte.log	FE auto companion
gbc	GBC	PICO	picoarch:gearboy	gearboy	no	pass_init	candidate_init	picoarch	https://github.com/shauninman/picoarch.git	802047c276a5a931b0bf837c4ea4b8e238bdeabe	https://github.com/drhelius/Gearboy.git	8762faf754a84891078d4b2597c557a828631c9e	prefer_onion_version	docker/plumos-toolchain/libretro-core-recipes.tsv	platform=armv jobs=3	docs/build-logs/gearboy.log	FE auto companion
gbc	GBC	PICO	picoarch:mgba	mgba	no	untested	candidate_waiting_content	picoarch	https://github.com/shauninman/picoarch.git	802047c276a5a931b0bf837c4ea4b8e238bdeabe	https://github.com/libretro/mgba.git	4f70b313fcf82b043bee232dd5af231a7755e1d8	prefer_onion_version	docker/plumos-toolchain/libretro-core-recipes.tsv	cmake/configure jobs=3	docs/build-logs/mgba.log	FE auto companion
gbc	GBC	PICO	picoarch:vbam	vbam	no	pass_init	candidate_init	picoarch	https://github.com/shauninman/picoarch.git	802047c276a5a931b0bf837c4ea4b8e238bdeabe	https://github.com/libretro/vbam-libretro.git	254f6effebe882b7d3d29d9e417c6aeeabc08026	prefer_onion_version	docker/plumos-toolchain/libretro-core-recipes.tsv	platform=armv jobs=3	docs/build-logs/vbam.log	FE auto companion
gbc	GBC	RA	retroarch:gambatte	gambatte	yes	pass_init	candidate_init	retroarch-practical	https://github.com/libretro/RetroArch	v1.22.2	https://github.com/libretro/gambatte-libretro.git	90701d6e5d68d31ead49f92f222c144c44a2645c	prefer_onion_version	docker/plumos-toolchain/libretro-core-recipes.tsv	platform=classic_armv7_a7 jobs=1	docs/build-logs/gambatte.log	systems.json
gbc	GBC	RA	retroarch:gearboy	gearboy	no	pass_init	candidate_init	retroarch-practical	https://github.com/libretro/RetroArch	v1.22.2	https://github.com/drhelius/Gearboy.git	8762faf754a84891078d4b2597c557a828631c9e	prefer_onion_version	docker/plumos-toolchain/libretro-core-recipes.tsv	platform=armv jobs=3	docs/build-logs/gearboy.log	systems.json
gbc	GBC	RA	retroarch:mgba	mgba	no	untested	candidate_waiting_content	retroarch-practical	https://github.com/libretro/RetroArch	v1.22.2	https://github.com/libretro/mgba.git	4f70b313fcf82b043bee232dd5af231a7755e1d8	prefer_onion_version	docker/plumos-toolchain/libretro-core-recipes.tsv	cmake/configure jobs=3	docs/build-logs/mgba.log	systems.json
gbc	GBC	RA	retroarch:tgbdual	tgbdual	no	pass_init	candidate_init	retroarch-practical	https://github.com/libretro/RetroArch	v1.22.2	https://github.com/libretro/tgbdual-libretro.git	a6f3018e6a23030afc1873845ee54d4b2d8ec9d3	prefer_onion_version	docker/plumos-toolchain/libretro-core-recipes.tsv	platform=classic_armv7_a7 jobs=1	docs/build-logs/tgbdual.log	systems.json
gbc	GBC	RA	retroarch:vbam	vbam	no	pass_init	candidate_init	retroarch-practical	https://github.com/libretro/RetroArch	v1.22.2	https://github.com/libretro/vbam-libretro.git	254f6effebe882b7d3d29d9e417c6aeeabc08026	prefer_onion_version	docker/plumos-toolchain/libretro-core-recipes.tsv	platform=armv jobs=3	docs/build-logs/vbam.log	systems.json
intellivision	Intellivision	RA	retroarch:freeintv	freeintv	yes	pass_init	candidate_init	retroarch-practical	https://github.com/libretro/RetroArch	v1.22.2	https://github.com/libretro/FreeIntv.git	9a65ec6e31d48ad0dae1f381c1ec61c897f970cb	prefer_onion_version	docker/plumos-toolchain/libretro-core-recipes.tsv	platform=classic_armv7_a7 jobs=3	docs/build-logs/freeintv.log	systems.json
j2me	Java ME	RA	retroarch:squirreljme	squirreljme	yes	pass	adopted	retroarch-practical	https://github.com/libretro/RetroArch	v1.22.2	https://github.com/XerTheSquirrel/SquirrelJME.git	0d8554644bdae671fef6a843ea136c3d567221e3	prefer_onion_version	docker/plumos-toolchain/libretro-core-recipes.tsv	platform=unix jobs=3	docs/build-logs/squirreljme.log	systems.json
lowresnx	LowRes NX	PICO	picoarch:lowresnx	lowresnx	no	pass_init	candidate_init	picoarch	https://github.com/shauninman/picoarch.git	802047c276a5a931b0bf837c4ea4b8e238bdeabe	https://github.com/timoinutilis/lowres-nx.git	12aeb1690108c5fe3f404475d59f86a12a21949d	prefer_onion_version	docker/plumos-toolchain/libretro-core-recipes.tsv	platform=armv jobs=3	docs/build-logs/lowresnx.log	FE auto companion; PicoArch had reset the core pixel format to 0RGB1555 after LowRes NX set XRGB8888, causing stripe corruption. The reset now happens before retro_set_environment; trace keeps fmt=1 and capture artifacts/p2-triage-20260619/lowres-pico-fixed shows the cube screen correctly.
lowresnx	LowRes NX	RA	retroarch:lowresnx	lowresnx	yes	pass	adopted	retroarch-practical	https://github.com/libretro/RetroArch	v1.22.2	https://github.com/timoinutilis/lowres-nx.git	12aeb1690108c5fe3f404475d59f86a12a21949d	prefer_onion_version	docker/plumos-toolchain/libretro-core-recipes.tsv	platform=armv jobs=3	docs/build-logs/lowresnx.log	systems.json
lutro	Lutro	PICO	picoarch:lutro	lutro	no	pass_init	candidate_init	picoarch	https://github.com/shauninman/picoarch.git	802047c276a5a931b0bf837c4ea4b8e238bdeabe	https://github.com/libretro/libretro-lutro.git	09a134eccad87127ec757503f736d6e4f9d06d4c	prefer_onion_version	docker/plumos-toolchain/libretro-core-recipes.tsv	platform=armv7-hardfloat-neon jobs=3	docs/build-logs/lutro.log	FE auto companion; PicoArch now provides libretro perf interface required by Lutro
lutro	Lutro	RA	retroarch:lutro	lutro	yes	pass_init	candidate_init	retroarch-practical	https://github.com/libretro/RetroArch	v1.22.2	https://github.com/libretro/libretro-lutro.git	09a134eccad87127ec757503f736d6e4f9d06d4c	prefer_onion_version	docker/plumos-toolchain/libretro-core-recipes.tsv	platform=armv7-hardfloat-neon jobs=3	docs/build-logs/lutro.log	systems.json; Direct RetroArch capture artifacts/p2-triage-20260619/lutro-ra shows Pong gameplay with the center vertical line present. Keep pass_init until audio/input/performance are reconfirmed by user gameplay.
lynx	Atari Lynx	PICO	picoarch:handy	handy	no	pass_init	candidate_init	picoarch	https://github.com/shauninman/picoarch.git	802047c276a5a931b0bf837c4ea4b8e238bdeabe	https://github.com/libretro/libretro-handy.git	517bb2d02909271836604c01c8f09a79ad605297	prefer_onion_version	docker/plumos-toolchain/libretro-core-recipes.tsv	platform=classic_armv7_a7 jobs=1	docs/build-logs/handy.log	FE auto companion
lynx	Atari Lynx	PICO	picoarch:mednafen_lynx	mednafen_lynx	no	pass_init	candidate_init	picoarch	https://github.com/shauninman/picoarch.git	802047c276a5a931b0bf837c4ea4b8e238bdeabe	https://github.com/libretro/beetle-lynx-libretro.git	3d2fcc5a555bea748b76f92a082c40227dff8222	prefer_onion_version	docker/plumos-toolchain/libretro-core-recipes.tsv	platform=classic_armv7_a7 jobs=1	docs/build-logs/mednafen_lynx.log	FE auto companion
lynx	Atari Lynx	RA	retroarch:handy	handy	no	pass_init	candidate_init	retroarch-practical	https://github.com/libretro/RetroArch	v1.22.2	https://github.com/libretro/libretro-handy.git	517bb2d02909271836604c01c8f09a79ad605297	prefer_onion_version	docker/plumos-toolchain/libretro-core-recipes.tsv	platform=classic_armv7_a7 jobs=1	docs/build-logs/handy.log	systems.json
lynx	Atari Lynx	RA	retroarch:mednafen_lynx	mednafen_lynx	yes	pass_init	candidate_init	retroarch-practical	https://github.com/libretro/RetroArch	v1.22.2	https://github.com/libretro/beetle-lynx-libretro.git	3d2fcc5a555bea748b76f92a082c40227dff8222	prefer_onion_version	docker/plumos-toolchain/libretro-core-recipes.tsv	platform=classic_armv7_a7 jobs=1	docs/build-logs/mednafen_lynx.log	systems.json
mastersystem	Master System	PICO	picoarch:gearsystem	gearsystem	no	pass	adopted	picoarch	https://github.com/shauninman/picoarch.git	802047c276a5a931b0bf837c4ea4b8e238bdeabe	https://github.com/drhelius/Gearsystem.git	5d6fedacb3ef2a9481fa52aac67fefb47aaf72c0	prefer_onion_version	docker/plumos-toolchain/libretro-core-recipes.tsv	platform=armv jobs=3	docs/build-logs/gearsystem.log	FE auto companion
mastersystem	Master System	PICO	picoarch:genesis_plus_gx	genesis_plus_gx	no	pass	adopted	picoarch	https://github.com/shauninman/picoarch.git	802047c276a5a931b0bf837c4ea4b8e238bdeabe	https://github.com/libretro/Genesis-Plus-GX.git	aea7b9d5475ec02427fbb00a9093cae74b87ff8a	prefer_onion_version	docker/plumos-toolchain/libretro-core-recipes.tsv	platform=classic_armv7_a7 jobs=3	docs/build-logs/genesis_plus_gx.log	FE auto companion
mastersystem	Master System	PICO	picoarch:picodrive	picodrive	no	pass	adopted	picoarch	https://github.com/shauninman/picoarch.git	802047c276a5a931b0bf837c4ea4b8e238bdeabe	https://github.com/libretro/picodrive.git	13ceea4ceb5f1b3a7d56baf67ec55247c1dfd154	prefer_onion_version	docker/plumos-toolchain/libretro-core-recipes.tsv	platform=classic_armv7_a7 jobs=1	docs/build-logs/picodrive.log	FE auto companion
mastersystem	Master System	RA	retroarch:gearsystem	gearsystem	no	pass	adopted	retroarch-practical	https://github.com/libretro/RetroArch	v1.22.2	https://github.com/drhelius/Gearsystem.git	5d6fedacb3ef2a9481fa52aac67fefb47aaf72c0	prefer_onion_version	docker/plumos-toolchain/libretro-core-recipes.tsv	platform=armv jobs=3	docs/build-logs/gearsystem.log	systems.json
mastersystem	Master System	RA	retroarch:genesis_plus_gx	genesis_plus_gx	yes	pass	adopted	retroarch-practical	https://github.com/libretro/RetroArch	v1.22.2	https://github.com/libretro/Genesis-Plus-GX.git	aea7b9d5475ec02427fbb00a9093cae74b87ff8a	prefer_onion_version	docker/plumos-toolchain/libretro-core-recipes.tsv	platform=classic_armv7_a7 jobs=3	docs/build-logs/genesis_plus_gx.log	systems.json
mastersystem	Master System	RA	retroarch:picodrive	picodrive	no	pass	adopted	retroarch-practical	https://github.com/libretro/RetroArch	v1.22.2	https://github.com/libretro/picodrive.git	13ceea4ceb5f1b3a7d56baf67ec55247c1dfd154	prefer_onion_version	docker/plumos-toolchain/libretro-core-recipes.tsv	platform=classic_armv7_a7 jobs=1	docs/build-logs/picodrive.log	systems.json
megadrive	Mega Drive	PICO	picoarch:genesis_plus_gx	genesis_plus_gx	no	pass	adopted	picoarch	https://github.com/shauninman/picoarch.git	802047c276a5a931b0bf837c4ea4b8e238bdeabe	https://github.com/libretro/Genesis-Plus-GX.git	aea7b9d5475ec02427fbb00a9093cae74b87ff8a	prefer_onion_version	docker/plumos-toolchain/libretro-core-recipes.tsv	platform=classic_armv7_a7 jobs=3	docs/build-logs/genesis_plus_gx.log	FE auto companion
megadrive	Mega Drive	PICO	picoarch:picodrive	picodrive	no	pass	adopted	picoarch	https://github.com/shauninman/picoarch.git	802047c276a5a931b0bf837c4ea4b8e238bdeabe	https://github.com/libretro/picodrive.git	13ceea4ceb5f1b3a7d56baf67ec55247c1dfd154	prefer_onion_version	docker/plumos-toolchain/libretro-core-recipes.tsv	platform=classic_armv7_a7 jobs=1	docs/build-logs/picodrive.log	FE auto companion
megadrive	Mega Drive	RA	retroarch:genesis_plus_gx	genesis_plus_gx	yes	pass	adopted	retroarch-practical	https://github.com/libretro/RetroArch	v1.22.2	https://github.com/libretro/Genesis-Plus-GX.git	aea7b9d5475ec02427fbb00a9093cae74b87ff8a	prefer_onion_version	docker/plumos-toolchain/libretro-core-recipes.tsv	platform=classic_armv7_a7 jobs=3	docs/build-logs/genesis_plus_gx.log	systems.json
megadrive	Mega Drive	RA	retroarch:picodrive	picodrive	no	pass	adopted	retroarch-practical	https://github.com/libretro/RetroArch	v1.22.2	https://github.com/libretro/picodrive.git	13ceea4ceb5f1b3a7d56baf67ec55247c1dfd154	prefer_onion_version	docker/plumos-toolchain/libretro-core-recipes.tsv	platform=classic_armv7_a7 jobs=1	docs/build-logs/picodrive.log	systems.json
msx	MSX	PICO	picoarch:bluemsx	bluemsx	no	pass	adopted	picoarch	https://github.com/shauninman/picoarch.git	802047c276a5a931b0bf837c4ea4b8e238bdeabe	https://github.com/libretro/blueMSX-libretro.git	acf358be18644a9df0ed9602d63c2f73d4fe605a	prefer_onion_version	docker/plumos-toolchain/libretro-core-recipes.tsv	platform=armv jobs=3	docs/build-logs/bluemsx.log	FE auto companion
msx	MSX	PICO	picoarch:fmsx	fmsx	no	pass	adopted	picoarch	https://github.com/shauninman/picoarch.git	802047c276a5a931b0bf837c4ea4b8e238bdeabe	https://github.com/libretro/fmsx-libretro.git	1360c9ff32b390383567774d01fbe5d6dfcadaa3	prefer_onion_version	docker/plumos-toolchain/libretro-core-recipes.tsv	platform=armv jobs=3	docs/build-logs/fmsx.log	FE auto companion
msx	MSX	RA	retroarch:bluemsx	bluemsx	yes	pass	adopted	retroarch-practical	https://github.com/libretro/RetroArch	v1.22.2	https://github.com/libretro/blueMSX-libretro.git	acf358be18644a9df0ed9602d63c2f73d4fe605a	prefer_onion_version	docker/plumos-toolchain/libretro-core-recipes.tsv	platform=armv jobs=3	docs/build-logs/bluemsx.log	systems.json
msx	MSX	RA	retroarch:fmsx	fmsx	no	pass	adopted	retroarch-practical	https://github.com/libretro/RetroArch	v1.22.2	https://github.com/libretro/fmsx-libretro.git	1360c9ff32b390383567774d01fbe5d6dfcadaa3	prefer_onion_version	docker/plumos-toolchain/libretro-core-recipes.tsv	platform=armv jobs=3	docs/build-logs/fmsx.log	systems.json
music	Game Music Emu	PICO	picoarch:gme	gme	no	pass	adopted	picoarch	https://github.com/shauninman/picoarch.git	802047c276a5a931b0bf837c4ea4b8e238bdeabe	https://github.com/libretro/libretro-gme.git	635b1e9124195eeb44d8a865f258cc2c92846694	prefer_onion_version	docker/plumos-toolchain/libretro-core-recipes.tsv	platform=armv jobs=3	docs/build-logs/gme.log	FE auto companion
music	Game Music Emu	RA	retroarch:gme	gme	yes	pass	adopted	retroarch-practical	https://github.com/libretro/RetroArch	v1.22.2	https://github.com/libretro/libretro-gme.git	635b1e9124195eeb44d8a865f258cc2c92846694	prefer_onion_version	docker/plumos-toolchain/libretro-core-recipes.tsv	platform=armv jobs=3	docs/build-logs/gme.log	systems.json
neogeo	Neo Geo	PICO	picoarch:fbalpha2012	fbalpha2012	no	pass	adopted	picoarch	https://github.com/shauninman/picoarch.git	802047c276a5a931b0bf837c4ea4b8e238bdeabe	https://github.com/libretro/fbalpha2012.git	7f8860543a81ba79c0e1ce1aa219af44568c628a	prefer_onion_version	docker/plumos-toolchain/libretro-core-recipes.tsv	platform=armv jobs=3	docs/build-logs/fbalpha2012.log	FE auto companion
neogeo	Neo Geo	PICO	picoarch:fbalpha2012_neogeo	fbalpha2012_neogeo	no	pass	adopted	picoarch	https://github.com/shauninman/picoarch.git	802047c276a5a931b0bf837c4ea4b8e238bdeabe	https://github.com/libretro/fbalpha2012_neogeo.git	dc973ec25c6929e3ac47a0aac54fcde75b4b9bd4	prefer_onion_version	docker/plumos-toolchain/libretro-core-recipes.tsv	platform=armv jobs=3	docs/build-logs/fbalpha2012_neogeo.log	FE auto companion
neogeo	Neo Geo	PICO	picoarch:fbneo	fbneo	no	pass	adopted	picoarch	https://github.com/shauninman/picoarch.git	802047c276a5a931b0bf837c4ea4b8e238bdeabe	https://github.com/libretro/FBNeo.git	bce2754588b17ce7a69acc5faf4ce15bc1a4b80e	prefer_onion_version	docker/plumos-toolchain/libretro-core-recipes.tsv	platform=armv jobs=3	docs/build-logs/fbneo.log	FE auto companion
neogeo	Neo Geo	RA	retroarch:fbalpha2012	fbalpha2012	no	pass	adopted	retroarch-practical	https://github.com/libretro/RetroArch	v1.22.2	https://github.com/libretro/fbalpha2012.git	7f8860543a81ba79c0e1ce1aa219af44568c628a	prefer_onion_version	docker/plumos-toolchain/libretro-core-recipes.tsv	platform=armv jobs=3	docs/build-logs/fbalpha2012.log	systems.json
neogeo	Neo Geo	RA	retroarch:fbalpha2012_neogeo	fbalpha2012_neogeo	no	pass	adopted	retroarch-practical	https://github.com/libretro/RetroArch	v1.22.2	https://github.com/libretro/fbalpha2012_neogeo.git	dc973ec25c6929e3ac47a0aac54fcde75b4b9bd4	prefer_onion_version	docker/plumos-toolchain/libretro-core-recipes.tsv	platform=armv jobs=3	docs/build-logs/fbalpha2012_neogeo.log	systems.json
neogeo	Neo Geo	RA	retroarch:fbneo	fbneo	yes	pass	adopted	retroarch-practical	https://github.com/libretro/RetroArch	v1.22.2	https://github.com/libretro/FBNeo.git	bce2754588b17ce7a69acc5faf4ce15bc1a4b80e	prefer_onion_version	docker/plumos-toolchain/libretro-core-recipes.tsv	platform=armv jobs=3	docs/build-logs/fbneo.log	systems.json
neogeocd	Neo Geo CD	PICO	picoarch:neocd	neocd	no	pass	adopted	picoarch	https://github.com/shauninman/picoarch.git	802047c276a5a931b0bf837c4ea4b8e238bdeabe	https://github.com/libretro/neocd_libretro.git	b7d96e794f2dfa500cba46c78cbc3c28349cfd05	prefer_onion_version	docker/plumos-toolchain/libretro-core-recipes.tsv	platform=unix USE_LTO=0 jobs=3	docs/build-logs/neocd.log	FE auto companion
neogeocd	Neo Geo CD	RA	retroarch:neocd	neocd	yes	pass	adopted	retroarch-practical	https://github.com/libretro/RetroArch	v1.22.2	https://github.com/libretro/neocd_libretro.git	b7d96e794f2dfa500cba46c78cbc3c28349cfd05	prefer_onion_version	docker/plumos-toolchain/libretro-core-recipes.tsv	platform=unix USE_LTO=0 jobs=3	docs/build-logs/neocd.log	systems.json
nes	NES	PICO	picoarch:fceumm	fceumm	no	pass_init	candidate_init	picoarch	https://github.com/shauninman/picoarch.git	802047c276a5a931b0bf837c4ea4b8e238bdeabe	https://github.com/libretro/libretro-fceumm.git	61171e198f8525ea99aca04116e45a9e3f358855	prefer_onion_version	docker/plumos-toolchain/libretro-core-recipes.tsv	platform=armv7-hardfloat-neon HAVE_NEON=1 ARCH=arm BUILTIN_GPU=neon jobs=3	docs/build-logs/fceumm.log	FE auto companion; launcher uses PicoArch-compatible fceumm core under emulators/picoarch/cores; launcher uses PicoArch bundled fceumm compatibility core when present
nes	NES	PICO	picoarch:nestopia	nestopia	no	pass	adopted	picoarch	https://github.com/shauninman/picoarch.git	802047c276a5a931b0bf837c4ea4b8e238bdeabe	https://github.com/libretro/nestopia.git	a9ee6ca84f04990e209880fe47144e62b14253db	prefer_onion_version	docker/plumos-toolchain/libretro-core-recipes.tsv	platform=classic_armv7_a7 jobs=1	docs/build-logs/nestopia.log	FE auto companion
nes	NES	PICO	picoarch:quicknes	quicknes	no	pass	adopted	picoarch	https://github.com/shauninman/picoarch.git	802047c276a5a931b0bf837c4ea4b8e238bdeabe	https://github.com/libretro/QuickNES_Core.git	a0ec494c417f365c578f3dacadb04383e4a99ade	plumos_only_latest	docker/plumos-toolchain/libretro-core-recipes.tsv	platform=classic_armv7_a7 jobs=1	docs/build-logs/quicknes.log	FE auto companion
nes	NES	RA	retroarch:fceumm	fceumm	yes	pass	adopted	retroarch-practical	https://github.com/libretro/RetroArch	v1.22.2	https://github.com/libretro/libretro-fceumm.git	61171e198f8525ea99aca04116e45a9e3f358855	prefer_onion_version	docker/plumos-toolchain/libretro-core-recipes.tsv	platform=armv7-hardfloat-neon HAVE_NEON=1 ARCH=arm BUILTIN_GPU=neon jobs=3	docs/build-logs/fceumm.log	systems.json
nes	NES	RA	retroarch:nestopia	nestopia	no	pass	adopted	retroarch-practical	https://github.com/libretro/RetroArch	v1.22.2	https://github.com/libretro/nestopia.git	a9ee6ca84f04990e209880fe47144e62b14253db	prefer_onion_version	docker/plumos-toolchain/libretro-core-recipes.tsv	platform=classic_armv7_a7 jobs=1	docs/build-logs/nestopia.log	systems.json
nes	NES	RA	retroarch:quicknes	quicknes	no	pass	adopted	retroarch-practical	https://github.com/libretro/RetroArch	v1.22.2	https://github.com/libretro/QuickNES_Core.git	a0ec494c417f365c578f3dacadb04383e4a99ade	plumos_only_latest	docker/plumos-toolchain/libretro-core-recipes.tsv	platform=classic_armv7_a7 jobs=1	docs/build-logs/quicknes.log	systems.json
ngp	NGP	PICO	picoarch:mednafen_ngp	mednafen_ngp	no	pass	adopted	picoarch	https://github.com/shauninman/picoarch.git	802047c276a5a931b0bf837c4ea4b8e238bdeabe	https://github.com/libretro/beetle-ngp-libretro.git	00c7cb8ea97ad9a372307405d8abf34e401fec8a	prefer_onion_version	docker/plumos-toolchain/libretro-core-recipes.tsv	platform=classic_armv7_a7 jobs=1	docs/build-logs/mednafen_ngp.log	FE auto companion
ngp	NGP	RA	retroarch:mednafen_ngp	mednafen_ngp	yes	pass	adopted	retroarch-practical	https://github.com/libretro/RetroArch	v1.22.2	https://github.com/libretro/beetle-ngp-libretro.git	00c7cb8ea97ad9a372307405d8abf34e401fec8a	prefer_onion_version	docker/plumos-toolchain/libretro-core-recipes.tsv	platform=classic_armv7_a7 jobs=1	docs/build-logs/mednafen_ngp.log	systems.json
ngpc	NGPC	PICO	picoarch:mednafen_ngp	mednafen_ngp	no	pass	adopted	picoarch	https://github.com/shauninman/picoarch.git	802047c276a5a931b0bf837c4ea4b8e238bdeabe	https://github.com/libretro/beetle-ngp-libretro.git	00c7cb8ea97ad9a372307405d8abf34e401fec8a	prefer_onion_version	docker/plumos-toolchain/libretro-core-recipes.tsv	platform=classic_armv7_a7 jobs=1	docs/build-logs/mednafen_ngp.log	FE auto companion
ngpc	NGPC	RA	retroarch:mednafen_ngp	mednafen_ngp	yes	pass	adopted	retroarch-practical	https://github.com/libretro/RetroArch	v1.22.2	https://github.com/libretro/beetle-ngp-libretro.git	00c7cb8ea97ad9a372307405d8abf34e401fec8a	prefer_onion_version	docker/plumos-toolchain/libretro-core-recipes.tsv	platform=classic_armv7_a7 jobs=1	docs/build-logs/mednafen_ngp.log	systems.json
odyssey2	Odyssey2	PICO	picoarch:o2em	o2em	no	pass	adopted	picoarch	https://github.com/shauninman/picoarch.git	802047c276a5a931b0bf837c4ea4b8e238bdeabe	https://github.com/libretro/libretro-o2em.git	3303cc15e4323280084471f694f6d34c78199725	prefer_onion_version	docker/plumos-toolchain/libretro-core-recipes.tsv	platform=classic_armv7_a7 jobs=3	docs/build-logs/o2em.log	FE auto companion
odyssey2	Odyssey2	RA	retroarch:o2em	o2em	yes	pass	adopted	retroarch-practical	https://github.com/libretro/RetroArch	v1.22.2	https://github.com/libretro/libretro-o2em.git	3303cc15e4323280084471f694f6d34c78199725	prefer_onion_version	docker/plumos-toolchain/libretro-core-recipes.tsv	platform=classic_armv7_a7 jobs=3	docs/build-logs/o2em.log	systems.json
openbor	OpenBOR	SA	standalone:openbor	openbor	yes	pass	adopted	standalone	https://github.com/DCurrent/openbor.git	v6391	https://github.com/DCurrent/openbor.git	v6391	standalone_pinned	docker/plumos-toolchain/scripts/build-standalone-emulators.sh	SDL2 input/audio; A30 direct Mali presenter; WebM disabled	docs/build-logs/openbor.log	systems.json
pc88	PC-88	RA	retroarch:quasi88	quasi88	yes	pass	adopted	retroarch-practical	https://github.com/libretro/RetroArch	v1.22.2	https://github.com/libretro/quasi88-libretro.git	2548625ba2bc3b5a9ecae7db24fdd5d42570e578	prefer_onion_version	docker/plumos-toolchain/libretro-core-recipes.tsv	platform=armv jobs=3	docs/build-logs/quasi88.log	systems.json
pc98	PC-98	RA	retroarch:np2kai	np2kai	yes	pass	adopted	retroarch-practical	https://github.com/libretro/RetroArch	v1.22.2	https://github.com/libretro/NP2kai.git	23919257aa59ca33eaa97ccf76f4d89f16a0c7c5	prefer_onion_version	docker/plumos-toolchain/libretro-core-recipes.tsv	platform=rpi2 NP2KAI_VERSION=latest jobs=3	docs/build-logs/np2kai.log	systems.json
pcengine	PC Engine	PICO	picoarch:mednafen_pce_fast	mednafen_pce_fast	no	pass	adopted	picoarch	https://github.com/shauninman/picoarch.git	802047c276a5a931b0bf837c4ea4b8e238bdeabe	https://github.com/libretro/beetle-pce-fast-libretro.git	cc248db4d2f47d0f255fbc1a3c651df4beb3d835	prefer_onion_version	docker/plumos-toolchain/libretro-core-recipes.tsv	platform=classic_armv7_a7 jobs=1	docs/build-logs/mednafen_pce_fast.log	FE auto companion
pcengine	PC Engine	PICO	picoarch:mednafen_supergrafx	mednafen_supergrafx	no	pass	adopted	picoarch	https://github.com/shauninman/picoarch.git	802047c276a5a931b0bf837c4ea4b8e238bdeabe	https://github.com/libretro/beetle-supergrafx-libretro.git	3cfafe8c684a2f4f4532bcf18e25d2f8760ca45d	prefer_onion_version	docker/plumos-toolchain/libretro-core-recipes.tsv	platform=classic_armv7_a7 jobs=1	docs/build-logs/mednafen_supergrafx.log	FE auto companion
pcengine	PC Engine	RA	retroarch:mednafen_pce_fast	mednafen_pce_fast	yes	pass	adopted	retroarch-practical	https://github.com/libretro/RetroArch	v1.22.2	https://github.com/libretro/beetle-pce-fast-libretro.git	cc248db4d2f47d0f255fbc1a3c651df4beb3d835	prefer_onion_version	docker/plumos-toolchain/libretro-core-recipes.tsv	platform=classic_armv7_a7 jobs=1	docs/build-logs/mednafen_pce_fast.log	systems.json
pcengine	PC Engine	RA	retroarch:mednafen_supergrafx	mednafen_supergrafx	no	pass	adopted	retroarch-practical	https://github.com/libretro/RetroArch	v1.22.2	https://github.com/libretro/beetle-supergrafx-libretro.git	3cfafe8c684a2f4f4532bcf18e25d2f8760ca45d	prefer_onion_version	docker/plumos-toolchain/libretro-core-recipes.tsv	platform=classic_armv7_a7 jobs=1	docs/build-logs/mednafen_supergrafx.log	systems.json
pcenginecd	PC Engine CD	PICO	picoarch:mednafen_pce_fast	mednafen_pce_fast	no	pass	adopted	picoarch	https://github.com/shauninman/picoarch.git	802047c276a5a931b0bf837c4ea4b8e238bdeabe	https://github.com/libretro/beetle-pce-fast-libretro.git	cc248db4d2f47d0f255fbc1a3c651df4beb3d835	prefer_onion_version	docker/plumos-toolchain/libretro-core-recipes.tsv	platform=classic_armv7_a7 jobs=1	docs/build-logs/mednafen_pce_fast.log	FE auto companion
pcenginecd	PC Engine CD	RA	retroarch:mednafen_pce_fast	mednafen_pce_fast	yes	pass	adopted	retroarch-practical	https://github.com/libretro/RetroArch	v1.22.2	https://github.com/libretro/beetle-pce-fast-libretro.git	cc248db4d2f47d0f255fbc1a3c651df4beb3d835	prefer_onion_version	docker/plumos-toolchain/libretro-core-recipes.tsv	platform=classic_armv7_a7 jobs=1	docs/build-logs/mednafen_pce_fast.log	systems.json
pico8	PICO-8	PICO	picoarch:fake08	fake08	yes	pass	adopted	picoarch	https://github.com/shauninman/picoarch.git	802047c276a5a931b0bf837c4ea4b8e238bdeabe	https://github.com/jtothebell/fake-08.git	aebd6b9648d1c450910ad79c78f9280dfbd20b25	prefer_onion_version	docker/plumos-toolchain/libretro-core-recipes.tsv	platform=unix jobs=3	docs/build-logs/fake08.log	systems.json
pico8	PICO-8	RA	retroarch:fake08	fake08	no	pass_init	candidate_init	retroarch-practical	https://github.com/libretro/RetroArch	v1.22.2	https://github.com/jtothebell/fake-08.git	aebd6b9648d1c450910ad79c78f9280dfbd20b25	prefer_onion_version	docker/plumos-toolchain/libretro-core-recipes.tsv	platform=unix jobs=3	docs/build-logs/fake08.log	systems.json; Direct RetroArch fake08 smoke reaches 128x128 video, 60 fps metadata, and exits cleanly after the bounded run. PICO-8 now defaults to picoarch:fake08 because that route already has user-confirmed audio/input/performance.
pokemini	Pokemon Mini	PICO	picoarch:pokemini	pokemini	no	pass	adopted	picoarch	https://github.com/shauninman/picoarch.git	802047c276a5a931b0bf837c4ea4b8e238bdeabe	https://github.com/libretro/PokeMini.git	9ba2c2d98bef98794095f3ef50e22f1a3cbc6166	prefer_onion_version	docker/plumos-toolchain/libretro-core-recipes.tsv	platform=classic_armv7_a7 jobs=1	docs/build-logs/pokemini.log	FE auto companion
pokemini	Pokemon Mini	RA	retroarch:pokemini	pokemini	yes	pass	adopted	retroarch-practical	https://github.com/libretro/RetroArch	v1.22.2	https://github.com/libretro/PokeMini.git	9ba2c2d98bef98794095f3ef50e22f1a3cbc6166	prefer_onion_version	docker/plumos-toolchain/libretro-core-recipes.tsv	platform=classic_armv7_a7 jobs=1	docs/build-logs/pokemini.log	systems.json
psp	PSP	SA	standalone:ppsspp	ppsspp	yes	pass	adopted	standalone	https://github.com/hrydgard/ppsspp.git	v1.20.4	https://github.com/hrydgard/ppsspp.git	v1.20.4	standalone_pinned	docker/plumos-toolchain/scripts/build-standalone-emulators.sh	PPSSPP_PATCH_MODE=a30; logical UI; A30 gamepad	docs/build-logs/ppsspp.log	systems.json
psx	PlayStation	PICO	picoarch:pcsx_rearmed	pcsx_rearmed	no	pass	adopted	picoarch	https://github.com/shauninman/picoarch.git	802047c276a5a931b0bf837c4ea4b8e238bdeabe	https://github.com/libretro/pcsx_rearmed.git	d26eaee5c8fb47c1832b8bf32c1358d625da8a02	prefer_onion_version	docker/plumos-toolchain/libretro-core-recipes.tsv	platform=armv7-hardfloat-neon DYNAREC=ari64 HAVE_NEON=1 BUILTIN_GPU=neon jobs=3	docs/build-logs/pcsx_rearmed.log	FE auto companion
psx	PlayStation	RA	retroarch:pcsx_rearmed	pcsx_rearmed	no	pass	adopted	retroarch-practical	https://github.com/libretro/RetroArch	v1.22.2	https://github.com/libretro/pcsx_rearmed.git	d26eaee5c8fb47c1832b8bf32c1358d625da8a02	prefer_onion_version	docker/plumos-toolchain/libretro-core-recipes.tsv	platform=armv7-hardfloat-neon DYNAREC=ari64 HAVE_NEON=1 BUILTIN_GPU=neon jobs=3	docs/build-logs/pcsx_rearmed.log	systems.json
psx	PlayStation	SA	standalone:pcsx_rearmed	pcsx_rearmed	yes	pass	adopted	standalone	https://github.com/notaz/pcsx_rearmed.git	r26l	https://github.com/notaz/pcsx_rearmed.git	r26l	standalone_pinned	docker/plumos-toolchain/scripts/build-standalone-emulators.sh	generic SDL1 frontend; native fb32 A30 rotation/menu patches	docs/build-logs/pcsx_rearmed.log	systems.json
pyxel	Pyxel	PYXEL	pyxel:a30	a30	yes	pass	adopted	pyxel-a30	https://github.com/kitao/pyxel.git	v2.9.6	https://github.com/kitao/pyxel.git	v2.9.6	standalone_pinned	docker/plumos-toolchain/scripts/build-pyxel-a30.sh	maturin --features sdl2_dynamic; target=armv7-unknown-linux-gnueabihf; rust=nightly-2026-06-12; SDL a30mali shim	dist/plumos-pyxel-a30/plumos/share/doc/plumos-pyxel-a30/manifest.txt	systems.json
quake	Quake	PICO	picoarch:tyrquake	tyrquake	no	pass_init	candidate_init	picoarch	https://github.com/shauninman/picoarch.git	802047c276a5a931b0bf837c4ea4b8e238bdeabe	https://github.com/libretro/tyrquake.git	89f3e032757b9b56e8d62a528a4a2472e60631aa	prefer_onion_version	docker/plumos-toolchain/libretro-core-recipes.tsv	platform=armv jobs=3	docs/build-logs/tyrquake.log	FE auto companion; direct smoke fixed SIGSEGV-at-load by deferring TyrQuake controller setup until after content load
quake	Quake	RA	retroarch:tyrquake	tyrquake	yes	pass	adopted	retroarch-practical	https://github.com/libretro/RetroArch	v1.22.2	https://github.com/libretro/tyrquake.git	89f3e032757b9b56e8d62a528a4a2472e60631aa	prefer_onion_version	docker/plumos-toolchain/libretro-core-recipes.tsv	platform=armv jobs=3	docs/build-logs/tyrquake.log	systems.json
scummvm	ScummVM	PICO	picoarch:scummvm	scummvm	no	pass	adopted	picoarch	https://github.com/shauninman/picoarch.git	802047c276a5a931b0bf837c4ea4b8e238bdeabe	https://github.com/libretro/scummvm.git	660e13b0764fe2be39b6d723345ecabfbb318cc5	prefer_onion_version	docker/plumos-toolchain/libretro-core-recipes.tsv	cmake/configure jobs=3	docs/build-logs/scummvm.log	systems.json
scummvm	ScummVM	SA	standalone:scummvm	scummvm	yes	pass	adopted	standalone	https://github.com/scummvm/scummvm.git	v2026.2.0	https://github.com/scummvm/scummvm.git	v2026.2.0	standalone_pinned	docker/plumos-toolchain/scripts/build-standalone-emulators.sh	engines=scumm,agi,agos,sky,sword1,sword2,queen,gob,lure,kyra,sci,cine,drascula,touche,teenagent,tinsel,cruise,parallaction	docs/build-logs/scummvm.log	systems.json
sega32x	32X	PICO	picoarch:picodrive	picodrive	no	pass	adopted	picoarch	https://github.com/shauninman/picoarch.git	802047c276a5a931b0bf837c4ea4b8e238bdeabe	https://github.com/libretro/picodrive.git	13ceea4ceb5f1b3a7d56baf67ec55247c1dfd154	prefer_onion_version	docker/plumos-toolchain/libretro-core-recipes.tsv	platform=classic_armv7_a7 jobs=1	docs/build-logs/picodrive.log	FE auto companion
sega32x	32X	RA	retroarch:picodrive	picodrive	yes	pass	adopted	retroarch-practical	https://github.com/libretro/RetroArch	v1.22.2	https://github.com/libretro/picodrive.git	13ceea4ceb5f1b3a7d56baf67ec55247c1dfd154	prefer_onion_version	docker/plumos-toolchain/libretro-core-recipes.tsv	platform=classic_armv7_a7 jobs=1	docs/build-logs/picodrive.log	systems.json
segacd	Sega CD	PICO	picoarch:genesis_plus_gx	genesis_plus_gx	no	pass	adopted	picoarch	https://github.com/shauninman/picoarch.git	802047c276a5a931b0bf837c4ea4b8e238bdeabe	https://github.com/libretro/Genesis-Plus-GX.git	aea7b9d5475ec02427fbb00a9093cae74b87ff8a	prefer_onion_version	docker/plumos-toolchain/libretro-core-recipes.tsv	platform=classic_armv7_a7 jobs=3	docs/build-logs/genesis_plus_gx.log	FE auto companion
segacd	Sega CD	PICO	picoarch:picodrive	picodrive	no	pass	adopted	picoarch	https://github.com/shauninman/picoarch.git	802047c276a5a931b0bf837c4ea4b8e238bdeabe	https://github.com/libretro/picodrive.git	13ceea4ceb5f1b3a7d56baf67ec55247c1dfd154	prefer_onion_version	docker/plumos-toolchain/libretro-core-recipes.tsv	platform=classic_armv7_a7 jobs=1	docs/build-logs/picodrive.log	FE auto companion
segacd	Sega CD	RA	retroarch:genesis_plus_gx	genesis_plus_gx	yes	pass	adopted	retroarch-practical	https://github.com/libretro/RetroArch	v1.22.2	https://github.com/libretro/Genesis-Plus-GX.git	aea7b9d5475ec02427fbb00a9093cae74b87ff8a	prefer_onion_version	docker/plumos-toolchain/libretro-core-recipes.tsv	platform=classic_armv7_a7 jobs=3	docs/build-logs/genesis_plus_gx.log	systems.json
segacd	Sega CD	RA	retroarch:picodrive	picodrive	no	pass	adopted	retroarch-practical	https://github.com/libretro/RetroArch	v1.22.2	https://github.com/libretro/picodrive.git	13ceea4ceb5f1b3a7d56baf67ec55247c1dfd154	prefer_onion_version	docker/plumos-toolchain/libretro-core-recipes.tsv	platform=classic_armv7_a7 jobs=1	docs/build-logs/picodrive.log	systems.json
sfc	SFC	PICO	picoarch:chimerasnes	chimerasnes	no	pass	adopted	picoarch	https://github.com/shauninman/picoarch.git	802047c276a5a931b0bf837c4ea4b8e238bdeabe	https://github.com/jamsilva/chimerasnes.git	0542329f32ab524ce8606c2c859bcd49905a3c98	prefer_onion_version	docker/plumos-toolchain/libretro-core-recipes.tsv	platform=armv jobs=3	docs/build-logs/chimerasnes.log	FE auto companion
sfc	SFC	PICO	picoarch:mednafen_supafaust	mednafen_supafaust	no	pass	adopted	picoarch	https://github.com/shauninman/picoarch.git	802047c276a5a931b0bf837c4ea4b8e238bdeabe	https://github.com/libretro/supafaust.git	75c658cce454e58ae04ea252f53a31c60d61548e	prefer_onion_version	docker/plumos-toolchain/libretro-core-recipes.tsv	platform=armv jobs=3	docs/build-logs/mednafen_supafaust.log	FE auto companion
sfc	SFC	PICO	picoarch:snes9x	snes9x	no	pass	adopted	picoarch	https://github.com/shauninman/picoarch.git	802047c276a5a931b0bf837c4ea4b8e238bdeabe	https://github.com/libretro/snes9x.git	f6197644e871d05aa20bc443f2e94b647b1e53a9	prefer_onion_version	docker/plumos-toolchain/libretro-core-recipes.tsv	platform=armv LTO= jobs=3	docs/build-logs/snes9x.log	FE auto companion
sfc	SFC	PICO	picoarch:snes9x2002	snes9x2002	no	pass	adopted	picoarch	https://github.com/shauninman/picoarch.git	802047c276a5a931b0bf837c4ea4b8e238bdeabe	https://github.com/libretro/snes9x2002.git	540baad622d9833bba7e0696193cb06f5f02f564	prefer_onion_version	docker/plumos-toolchain/libretro-core-recipes.tsv	platform=armv jobs=3	docs/build-logs/snes9x2002.log	FE auto companion
sfc	SFC	PICO	picoarch:snes9x2005	snes9x2005	no	pass	adopted	picoarch	https://github.com/shauninman/picoarch.git	802047c276a5a931b0bf837c4ea4b8e238bdeabe	https://github.com/libretro/snes9x2005.git	fd45b0e055bce6cff3acde77414558784e93e7d0	prefer_onion_version	docker/plumos-toolchain/libretro-core-recipes.tsv	platform=armv7-hardfloat-neon HAVE_NEON=1 ARCH=arm BUILTIN_GPU=neon jobs=3	docs/build-logs/snes9x2005.log	FE auto companion
sfc	SFC	PICO	picoarch:snes9x2005_plus	snes9x2005_plus	no	pass	adopted	picoarch	https://github.com/shauninman/picoarch.git	802047c276a5a931b0bf837c4ea4b8e238bdeabe	https://github.com/libretro/snes9x2005.git	fd45b0e055bce6cff3acde77414558784e93e7d0	prefer_onion_version	docker/plumos-toolchain/libretro-core-recipes.tsv	platform=armv USE_BLARGG_APU=1 jobs=3	docs/build-logs/snes9x2005_plus.log	FE auto companion
sfc	SFC	PICO	picoarch:snes9x2010	snes9x2010	no	pass	adopted	picoarch	https://github.com/shauninman/picoarch.git	802047c276a5a931b0bf837c4ea4b8e238bdeabe	https://github.com/libretro/snes9x2010.git	e86e54624a7910a64a9a744e3734d4067c48d240	prefer_onion_version	docker/plumos-toolchain/libretro-core-recipes.tsv	platform=armv jobs=3	docs/build-logs/snes9x2010.log	FE auto companion
sfc	SFC	RA	retroarch:chimerasnes	chimerasnes	no	pass	adopted	retroarch-practical	https://github.com/libretro/RetroArch	v1.22.2	https://github.com/jamsilva/chimerasnes.git	0542329f32ab524ce8606c2c859bcd49905a3c98	prefer_onion_version	docker/plumos-toolchain/libretro-core-recipes.tsv	platform=armv jobs=3	docs/build-logs/chimerasnes.log	systems.json
sfc	SFC	RA	retroarch:mednafen_supafaust	mednafen_supafaust	no	pass	adopted	retroarch-practical	https://github.com/libretro/RetroArch	v1.22.2	https://github.com/libretro/supafaust.git	75c658cce454e58ae04ea252f53a31c60d61548e	prefer_onion_version	docker/plumos-toolchain/libretro-core-recipes.tsv	platform=armv jobs=3	docs/build-logs/mednafen_supafaust.log	systems.json
sfc	SFC	RA	retroarch:snes9x	snes9x	no	pass	adopted	retroarch-practical	https://github.com/libretro/RetroArch	v1.22.2	https://github.com/libretro/snes9x.git	f6197644e871d05aa20bc443f2e94b647b1e53a9	prefer_onion_version	docker/plumos-toolchain/libretro-core-recipes.tsv	platform=armv LTO= jobs=3	docs/build-logs/snes9x.log	systems.json
sfc	SFC	RA	retroarch:snes9x2002	snes9x2002	no	pass	adopted	retroarch-practical	https://github.com/libretro/RetroArch	v1.22.2	https://github.com/libretro/snes9x2002.git	540baad622d9833bba7e0696193cb06f5f02f564	prefer_onion_version	docker/plumos-toolchain/libretro-core-recipes.tsv	platform=armv jobs=3	docs/build-logs/snes9x2002.log	systems.json
sfc	SFC	RA	retroarch:snes9x2005	snes9x2005	yes	pass	adopted	retroarch-practical	https://github.com/libretro/RetroArch	v1.22.2	https://github.com/libretro/snes9x2005.git	fd45b0e055bce6cff3acde77414558784e93e7d0	prefer_onion_version	docker/plumos-toolchain/libretro-core-recipes.tsv	platform=armv7-hardfloat-neon HAVE_NEON=1 ARCH=arm BUILTIN_GPU=neon jobs=3	docs/build-logs/snes9x2005.log	systems.json
sfc	SFC	RA	retroarch:snes9x2005_plus	snes9x2005_plus	no	pass	adopted	retroarch-practical	https://github.com/libretro/RetroArch	v1.22.2	https://github.com/libretro/snes9x2005.git	fd45b0e055bce6cff3acde77414558784e93e7d0	prefer_onion_version	docker/plumos-toolchain/libretro-core-recipes.tsv	platform=armv USE_BLARGG_APU=1 jobs=3	docs/build-logs/snes9x2005_plus.log	systems.json
sfc	SFC	RA	retroarch:snes9x2010	snes9x2010	no	pass	adopted	retroarch-practical	https://github.com/libretro/RetroArch	v1.22.2	https://github.com/libretro/snes9x2010.git	e86e54624a7910a64a9a744e3734d4067c48d240	prefer_onion_version	docker/plumos-toolchain/libretro-core-recipes.tsv	platform=armv jobs=3	docs/build-logs/snes9x2010.log	systems.json
sg1000	SG-1000	PICO	picoarch:bluemsx	bluemsx	no	pass	adopted	picoarch	https://github.com/shauninman/picoarch.git	802047c276a5a931b0bf837c4ea4b8e238bdeabe	https://github.com/libretro/blueMSX-libretro.git	acf358be18644a9df0ed9602d63c2f73d4fe605a	prefer_onion_version	docker/plumos-toolchain/libretro-core-recipes.tsv	platform=armv jobs=3	docs/build-logs/bluemsx.log	FE auto companion
sg1000	SG-1000	PICO	picoarch:gearsystem	gearsystem	no	pass	adopted	picoarch	https://github.com/shauninman/picoarch.git	802047c276a5a931b0bf837c4ea4b8e238bdeabe	https://github.com/drhelius/Gearsystem.git	5d6fedacb3ef2a9481fa52aac67fefb47aaf72c0	prefer_onion_version	docker/plumos-toolchain/libretro-core-recipes.tsv	platform=armv jobs=3	docs/build-logs/gearsystem.log	FE auto companion
sg1000	SG-1000	PICO	picoarch:genesis_plus_gx	genesis_plus_gx	no	pass	adopted	picoarch	https://github.com/shauninman/picoarch.git	802047c276a5a931b0bf837c4ea4b8e238bdeabe	https://github.com/libretro/Genesis-Plus-GX.git	aea7b9d5475ec02427fbb00a9093cae74b87ff8a	prefer_onion_version	docker/plumos-toolchain/libretro-core-recipes.tsv	platform=classic_armv7_a7 jobs=3	docs/build-logs/genesis_plus_gx.log	FE auto companion
sg1000	SG-1000	PICO	picoarch:picodrive	picodrive	no	pass	adopted	picoarch	https://github.com/shauninman/picoarch.git	802047c276a5a931b0bf837c4ea4b8e238bdeabe	https://github.com/libretro/picodrive.git	13ceea4ceb5f1b3a7d56baf67ec55247c1dfd154	prefer_onion_version	docker/plumos-toolchain/libretro-core-recipes.tsv	platform=classic_armv7_a7 jobs=1	docs/build-logs/picodrive.log	FE auto companion
sg1000	SG-1000	RA	retroarch:bluemsx	bluemsx	no	pass	adopted	retroarch-practical	https://github.com/libretro/RetroArch	v1.22.2	https://github.com/libretro/blueMSX-libretro.git	acf358be18644a9df0ed9602d63c2f73d4fe605a	prefer_onion_version	docker/plumos-toolchain/libretro-core-recipes.tsv	platform=armv jobs=3	docs/build-logs/bluemsx.log	systems.json
sg1000	SG-1000	RA	retroarch:gearsystem	gearsystem	yes	pass	adopted	retroarch-practical	https://github.com/libretro/RetroArch	v1.22.2	https://github.com/drhelius/Gearsystem.git	5d6fedacb3ef2a9481fa52aac67fefb47aaf72c0	prefer_onion_version	docker/plumos-toolchain/libretro-core-recipes.tsv	platform=armv jobs=3	docs/build-logs/gearsystem.log	systems.json
sg1000	SG-1000	RA	retroarch:genesis_plus_gx	genesis_plus_gx	no	pass	adopted	retroarch-practical	https://github.com/libretro/RetroArch	v1.22.2	https://github.com/libretro/Genesis-Plus-GX.git	aea7b9d5475ec02427fbb00a9093cae74b87ff8a	prefer_onion_version	docker/plumos-toolchain/libretro-core-recipes.tsv	platform=classic_armv7_a7 jobs=3	docs/build-logs/genesis_plus_gx.log	systems.json
sg1000	SG-1000	RA	retroarch:picodrive	picodrive	no	pass	adopted	retroarch-practical	https://github.com/libretro/RetroArch	v1.22.2	https://github.com/libretro/picodrive.git	13ceea4ceb5f1b3a7d56baf67ec55247c1dfd154	prefer_onion_version	docker/plumos-toolchain/libretro-core-recipes.tsv	platform=classic_armv7_a7 jobs=1	docs/build-logs/picodrive.log	systems.json
sharpx1	Sharp X1	PICO	picoarch:x1	x1	no	pass_init	candidate_init	picoarch	https://github.com/shauninman/picoarch.git	802047c276a5a931b0bf837c4ea4b8e238bdeabe	https://github.com/libretro/xmil-libretro.git	4cb1e4eaab37321904144d1f1a23b2830268e8df	prefer_onion_version	docker/plumos-toolchain/libretro-core-recipes.tsv	platform=crosspi jobs=3	docs/build-logs/x1.log	FE auto companion
sharpx1	Sharp X1	RA	retroarch:x1	x1	yes	pass_init	candidate_init	retroarch-practical	https://github.com/libretro/RetroArch	v1.22.2	https://github.com/libretro/xmil-libretro.git	4cb1e4eaab37321904144d1f1a23b2830268e8df	prefer_onion_version	docker/plumos-toolchain/libretro-core-recipes.tsv	platform=crosspi jobs=3	docs/build-logs/x1.log	systems.json
supergrafx	SuperGrafx	PICO	picoarch:mednafen_pce_fast	mednafen_pce_fast	no	pass	adopted	picoarch	https://github.com/shauninman/picoarch.git	802047c276a5a931b0bf837c4ea4b8e238bdeabe	https://github.com/libretro/beetle-pce-fast-libretro.git	cc248db4d2f47d0f255fbc1a3c651df4beb3d835	prefer_onion_version	docker/plumos-toolchain/libretro-core-recipes.tsv	platform=classic_armv7_a7 jobs=1	docs/build-logs/mednafen_pce_fast.log	FE auto companion
supergrafx	SuperGrafx	PICO	picoarch:mednafen_supergrafx	mednafen_supergrafx	no	pass	adopted	picoarch	https://github.com/shauninman/picoarch.git	802047c276a5a931b0bf837c4ea4b8e238bdeabe	https://github.com/libretro/beetle-supergrafx-libretro.git	3cfafe8c684a2f4f4532bcf18e25d2f8760ca45d	prefer_onion_version	docker/plumos-toolchain/libretro-core-recipes.tsv	platform=classic_armv7_a7 jobs=1	docs/build-logs/mednafen_supergrafx.log	FE auto companion
supergrafx	SuperGrafx	RA	retroarch:mednafen_pce_fast	mednafen_pce_fast	no	pass	adopted	retroarch-practical	https://github.com/libretro/RetroArch	v1.22.2	https://github.com/libretro/beetle-pce-fast-libretro.git	cc248db4d2f47d0f255fbc1a3c651df4beb3d835	prefer_onion_version	docker/plumos-toolchain/libretro-core-recipes.tsv	platform=classic_armv7_a7 jobs=1	docs/build-logs/mednafen_pce_fast.log	systems.json
supergrafx	SuperGrafx	RA	retroarch:mednafen_supergrafx	mednafen_supergrafx	yes	pass	adopted	retroarch-practical	https://github.com/libretro/RetroArch	v1.22.2	https://github.com/libretro/beetle-supergrafx-libretro.git	3cfafe8c684a2f4f4532bcf18e25d2f8760ca45d	prefer_onion_version	docker/plumos-toolchain/libretro-core-recipes.tsv	platform=classic_armv7_a7 jobs=1	docs/build-logs/mednafen_supergrafx.log	systems.json
supervision	Supervision	PICO	picoarch:potator	potator	no	pass	adopted	picoarch	https://github.com/shauninman/picoarch.git	802047c276a5a931b0bf837c4ea4b8e238bdeabe	https://github.com/libretro/potator.git	06ec3b724b6fccda6805e3baa76c00c3bc024f23	prefer_onion_version	docker/plumos-toolchain/libretro-core-recipes.tsv	platform=classic_armv7_a7 jobs=3	docs/build-logs/potator.log	FE auto companion
supervision	Supervision	RA	retroarch:potator	potator	yes	pass	adopted	retroarch-practical	https://github.com/libretro/RetroArch	v1.22.2	https://github.com/libretro/potator.git	06ec3b724b6fccda6805e3baa76c00c3bc024f23	prefer_onion_version	docker/plumos-toolchain/libretro-core-recipes.tsv	platform=classic_armv7_a7 jobs=3	docs/build-logs/potator.log	systems.json
thomson	Thomson MO/TO	PICO	picoarch:theodore	theodore	no	pass	adopted	picoarch	https://github.com/shauninman/picoarch.git	802047c276a5a931b0bf837c4ea4b8e238bdeabe	https://github.com/Zlika/theodore.git	563fb989f12c7176824b34bbc726bf24d933e86c	prefer_onion_version	docker/plumos-toolchain/libretro-core-recipes.tsv	platform=armv jobs=3	docs/build-logs/theodore.log	FE auto companion
thomson	Thomson MO/TO	RA	retroarch:theodore	theodore	yes	pass	adopted	retroarch-practical	https://github.com/libretro/RetroArch	v1.22.2	https://github.com/Zlika/theodore.git	563fb989f12c7176824b34bbc726bf24d933e86c	prefer_onion_version	docker/plumos-toolchain/libretro-core-recipes.tsv	platform=armv jobs=3	docs/build-logs/theodore.log	systems.json
ti83	TI-83	PICO	picoarch:numero	numero	no	untested	candidate_waiting_content	picoarch	https://github.com/shauninman/picoarch.git	802047c276a5a931b0bf837c4ea4b8e238bdeabe	https://github.com/nbarkhina/numero.git	19354c9bfe06a3e4fd936961ee8414b040a3d1c6	prefer_onion_version	docker/plumos-toolchain/libretro-core-recipes.tsv	platform=armv jobs=3	docs/build-logs/numero.log	FE auto companion
ti83	TI-83	RA	retroarch:numero	numero	yes	untested	candidate_waiting_content	retroarch-practical	https://github.com/libretro/RetroArch	v1.22.2	https://github.com/nbarkhina/numero.git	19354c9bfe06a3e4fd936961ee8414b040a3d1c6	prefer_onion_version	docker/plumos-toolchain/libretro-core-recipes.tsv	platform=armv jobs=3	docs/build-logs/numero.log	systems.json
tic80	TIC-80	PICO	picoarch:tic80	tic80	no	pass_init	candidate_init	picoarch	https://github.com/shauninman/picoarch.git	802047c276a5a931b0bf837c4ea4b8e238bdeabe	https://github.com/libretro/TIC-80.git	e7f48a30ea3e205810366aad910a2985edcd1f58	prefer_onion_version	docker/plumos-toolchain/libretro-core-recipes.tsv	cmake/configure jobs=3	docs/build-logs/tic80.log	FE auto companion
tic80	TIC-80	RA	retroarch:tic80	tic80	yes	pass_init	candidate_init	retroarch-practical	https://github.com/libretro/RetroArch	v1.22.2	https://github.com/libretro/TIC-80.git	e7f48a30ea3e205810366aad910a2985edcd1f58	prefer_onion_version	docker/plumos-toolchain/libretro-core-recipes.tsv	cmake/configure jobs=3	docs/build-logs/tic80.log	systems.json
vectrex	Vectrex	PICO	picoarch:vecx	vecx	no	pass	adopted	picoarch	https://github.com/shauninman/picoarch.git	802047c276a5a931b0bf837c4ea4b8e238bdeabe	https://github.com/libretro/libretro-vecx.git	b5c17bb7fd4a704f58160bc699322a16d0643396	prefer_onion_version	docker/plumos-toolchain/libretro-core-recipes.tsv	platform=armv HAS_GPU=0 jobs=3	docs/build-logs/vecx.log	FE auto companion
vectrex	Vectrex	RA	retroarch:vecx	vecx	yes	pass	adopted	retroarch-practical	https://github.com/libretro/RetroArch	v1.22.2	https://github.com/libretro/libretro-vecx.git	b5c17bb7fd4a704f58160bc699322a16d0643396	prefer_onion_version	docker/plumos-toolchain/libretro-core-recipes.tsv	platform=armv HAS_GPU=0 jobs=3	docs/build-logs/vecx.log	systems.json
vic20	Commodore VIC-20	PICO	picoarch:vice_xvic	vice_xvic	no	pass	adopted	picoarch	https://github.com/shauninman/picoarch.git	802047c276a5a931b0bf837c4ea4b8e238bdeabe	https://github.com/libretro/vice-libretro.git	5a18264beed0c498e5fcd7e362c7bda9d65a5c2a	prefer_onion_version	docker/plumos-toolchain/libretro-core-recipes.tsv	platform=armv EMUTYPE=xvic jobs=3	docs/build-logs/vice_xvic.log	FE auto companion
vic20	Commodore VIC-20	RA	retroarch:vice_xvic	vice_xvic	yes	pass	adopted	retroarch-practical	https://github.com/libretro/RetroArch	v1.22.2	https://github.com/libretro/vice-libretro.git	5a18264beed0c498e5fcd7e362c7bda9d65a5c2a	prefer_onion_version	docker/plumos-toolchain/libretro-core-recipes.tsv	platform=armv EMUTYPE=xvic jobs=3	docs/build-logs/vice_xvic.log	systems.json
virtualboy	Virtual Boy	PICO	picoarch:mednafen_vb	mednafen_vb	no	pass	adopted	picoarch	https://github.com/shauninman/picoarch.git	802047c276a5a931b0bf837c4ea4b8e238bdeabe	https://github.com/libretro/beetle-vb-libretro.git	162918f06d9a705330b2ba128e0d3b65fd1a1bcc	prefer_onion_version	docker/plumos-toolchain/libretro-core-recipes.tsv	platform=classic_armv7_a7 jobs=1	docs/build-logs/mednafen_vb.log	FE auto companion
virtualboy	Virtual Boy	RA	retroarch:mednafen_vb	mednafen_vb	yes	pass	adopted	retroarch-practical	https://github.com/libretro/RetroArch	v1.22.2	https://github.com/libretro/beetle-vb-libretro.git	162918f06d9a705330b2ba128e0d3b65fd1a1bcc	prefer_onion_version	docker/plumos-toolchain/libretro-core-recipes.tsv	platform=classic_armv7_a7 jobs=1	docs/build-logs/mednafen_vb.log	systems.json
vmu	Dreamcast VMU	PICO	picoarch:vemulator	vemulator	yes	pass	adopted	picoarch	https://github.com/shauninman/picoarch.git	802047c276a5a931b0bf837c4ea4b8e238bdeabe	https://github.com/libretro/vemulator-libretro.git	e3466f8c4682bdcc11d0d5fba316fefd580c65ef	prefer_onion_version	docker/plumos-toolchain/libretro-core-recipes.tsv	platform=armv jobs=3	docs/build-logs/vemulator.log	systems.json
wolf3d	Wolfenstein 3D	PICO	picoarch:ecwolf	ecwolf	no	pass_init	candidate_init	picoarch	https://github.com/shauninman/picoarch.git	802047c276a5a931b0bf837c4ea4b8e238bdeabe	https://github.com/libretro/ecwolf.git	f098da0d003c4780adf6a9503801081f1f25cc27	prefer_onion_version	docker/plumos-toolchain/libretro-core-recipes.tsv	platform=unix-armv7-hardfloat-neon jobs=3	docs/build-logs/ecwolf.log	FE auto companion; ecwolf-palette=xrgb8888 required on A30 to avoid RGB565 stripe corruption
wolf3d	Wolfenstein 3D	RA	retroarch:ecwolf	ecwolf	yes	pass_init	candidate_init	retroarch-practical	https://github.com/libretro/RetroArch	v1.22.2	https://github.com/libretro/ecwolf.git	f098da0d003c4780adf6a9503801081f1f25cc27	prefer_onion_version	docker/plumos-toolchain/libretro-core-recipes.tsv	platform=unix-armv7-hardfloat-neon jobs=3	docs/build-logs/ecwolf.log	systems.json; ecwolf-palette=xrgb8888 required on A30 to avoid RGB565 stripe corruption
wonderswan	WonderSwan	PICO	picoarch:mednafen_wswan	mednafen_wswan	no	pass	adopted	picoarch	https://github.com/shauninman/picoarch.git	802047c276a5a931b0bf837c4ea4b8e238bdeabe	https://github.com/libretro/beetle-wswan-libretro.git	16d96f64a32cbe1fa89c40b142298dbd007f2f4d	prefer_onion_version	docker/plumos-toolchain/libretro-core-recipes.tsv	platform=classic_armv7_a7 jobs=3	docs/build-logs/mednafen_wswan.log	FE auto companion
wonderswan	WonderSwan	RA	retroarch:mednafen_wswan	mednafen_wswan	yes	pass	adopted	retroarch-practical	https://github.com/libretro/RetroArch	v1.22.2	https://github.com/libretro/beetle-wswan-libretro.git	16d96f64a32cbe1fa89c40b142298dbd007f2f4d	prefer_onion_version	docker/plumos-toolchain/libretro-core-recipes.tsv	platform=classic_armv7_a7 jobs=3	docs/build-logs/mednafen_wswan.log	systems.json
wonderswancolor	WonderSwan Color	PICO	picoarch:mednafen_wswan	mednafen_wswan	no	pass	adopted	picoarch	https://github.com/shauninman/picoarch.git	802047c276a5a931b0bf837c4ea4b8e238bdeabe	https://github.com/libretro/beetle-wswan-libretro.git	16d96f64a32cbe1fa89c40b142298dbd007f2f4d	prefer_onion_version	docker/plumos-toolchain/libretro-core-recipes.tsv	platform=classic_armv7_a7 jobs=3	docs/build-logs/mednafen_wswan.log	FE auto companion
wonderswancolor	WonderSwan Color	RA	retroarch:mednafen_wswan	mednafen_wswan	yes	pass	adopted	retroarch-practical	https://github.com/libretro/RetroArch	v1.22.2	https://github.com/libretro/beetle-wswan-libretro.git	16d96f64a32cbe1fa89c40b142298dbd007f2f4d	prefer_onion_version	docker/plumos-toolchain/libretro-core-recipes.tsv	platform=classic_armv7_a7 jobs=3	docs/build-logs/mednafen_wswan.log	systems.json
x68000	X68000	PICO	picoarch:px68k	px68k	no	pass_init	candidate_init	picoarch	https://github.com/shauninman/picoarch.git	802047c276a5a931b0bf837c4ea4b8e238bdeabe	https://github.com/libretro/px68k-libretro.git	e4f06ce6ee26e2ec8403b568d8c89921010c1464	prefer_onion_version	docker/plumos-toolchain/libretro-core-recipes.tsv	platform=armv jobs=3	docs/build-logs/px68k.log	FE auto companion
x68000	X68000	RA	retroarch:px68k	px68k	yes	pass_init	candidate_init	retroarch-practical	https://github.com/libretro/RetroArch	v1.22.2	https://github.com/libretro/px68k-libretro.git	e4f06ce6ee26e2ec8403b568d8c89921010c1464	prefer_onion_version	docker/plumos-toolchain/libretro-core-recipes.tsv	platform=armv jobs=3	docs/build-logs/px68k.log	systems.json
zx81	ZX-81	PICO	picoarch:81	81	no	pass_init	candidate_init	picoarch	https://github.com/shauninman/picoarch.git	802047c276a5a931b0bf837c4ea4b8e238bdeabe	https://github.com/libretro/81-libretro.git	2e34567a320cba27b9162b1776db4de3cdb7cf03	prefer_onion_version	docker/plumos-toolchain/libretro-core-recipes.tsv	platform=armv jobs=3	docs/build-logs/81.log	FE auto companion; 81 defaults seed fast load enabled and keep SELECT for the core virtual keyboard
zx81	ZX-81	RA	retroarch:81	81	yes	pass_init	candidate_init	retroarch-practical	https://github.com/libretro/RetroArch	v1.22.2	https://github.com/libretro/81-libretro.git	2e34567a320cba27b9162b1776db4de3cdb7cf03	prefer_onion_version	docker/plumos-toolchain/libretro-core-recipes.tsv	platform=armv jobs=3	docs/build-logs/81.log	systems.json; launcher frees SELECT for EightyOne virtual keyboard by moving RA hotkey enable to Function/R3
zxspectrum	ZX Spectrum	PICO	picoarch:fuse	fuse	no	pass	adopted	picoarch	https://github.com/shauninman/picoarch.git	802047c276a5a931b0bf837c4ea4b8e238bdeabe	https://github.com/libretro/fuse-libretro.git	c0262040008a7efba04dd01f8cc7a8f96102f83b	prefer_onion_version	docker/plumos-toolchain/libretro-core-recipes.tsv	platform=armv jobs=3	docs/build-logs/fuse.log	FE auto companion
zxspectrum	ZX Spectrum	RA	retroarch:fuse	fuse	yes	pass	adopted	retroarch-practical	https://github.com/libretro/RetroArch	v1.22.2	https://github.com/libretro/fuse-libretro.git	c0262040008a7efba04dd01f8cc7a8f96102f83b	prefer_onion_version	docker/plumos-toolchain/libretro-core-recipes.tsv	platform=armv jobs=3	docs/build-logs/fuse.log	systems.json
