id	onion_prebuilt	plumos_recipe	plumos_class	version_policy	onion_display_version	onion_corename	onion_binary_sha256	onion_binary_commit	onion_binary_date	onion_binary_subject	onion_builder_file	onion_builder_repo	onion_builder_ref	onion_builder_subdir	onion_builder_makefile	onion_builder_args	plumos_repo	plumos_ref	plumos_subdir	plumos_makefile	plumos_make_args
2048	yes	yes	O	prefer_onion_version	1.0	2048	65c61613c57cbf8ad6b1cf0c93e7f998f1cd152e85db61cfe339d77d508b1ac9	bb5095474d08e4b532bd7101c3803573cfae3a6f	2023-03-20T01:11:42+01:00	Dev v4.1 RC2 (final) (#712)	cores-onionos	https://github.com/libretro/libretro-2048.git	master	-	Makefile.libretro	-	https://github.com/libretro/libretro-2048.git	master	-	Makefile.libretro	platform=unix
81	yes	yes	O	prefer_onion_version	1.0a	81	c70e5b4805064e5abfa1bbb401296f1f8651420d4e6e81078d8fdee417a1bb81	ba4ba05d7b403e6e6c6a2614b13144c4dd949fe1	2022-09-02T03:34:50+02:00	Onion V4 release candidate (#120)	cores-onionos	https://github.com/libretro/81-libretro.git	master	-	Makefile	-	https://github.com/libretro/81-libretro.git	master	-	Makefile	platform=armv
a5200	yes	no	-	missing_from_plumos	2.0.2	a5200	8887b59eedc14ddaade30d901b0bc3787555b7898218b89a5651699140a2e9d0	ba4ba05d7b403e6e6c6a2614b13144c4dd949fe1	2022-09-02T03:34:50+02:00	Onion V4 release candidate (#120)	-	-	-	-	-	-	-	-	-	-	-
arduous	yes	no	-	missing_from_plumos	0.1.0	Arduous	f28c2287c3e2d000ff065737ba68a6e915f11f9b10a3bffcd21d9eb7e4a7d370	ba4ba05d7b403e6e6c6a2614b13144c4dd949fe1	2022-09-02T03:34:50+02:00	Onion V4 release candidate (#120)	-	-	-	-	-	-	-	-	-	-	-
atari800	yes	yes	O	prefer_onion_version	3.1.0	Atari800	418a70f6c34bb286d6de572dc02f10d95a56947ba04885b8e10df30e75f576f3	ba4ba05d7b403e6e6c6a2614b13144c4dd949fe1	2022-09-02T03:34:50+02:00	Onion V4 release candidate (#120)	cores-onionos	https://github.com/libretro/libretro-atari800.git	master	-	Makefile	-	https://github.com/libretro/libretro-atari800.git	master	-	Makefile	platform=armv
bk	yes	yes	O	prefer_onion_version	1.00	bk	80e863134543c747c7e67c0072c7950c1df48c287bde64e351932b852a94a3e9	ba4ba05d7b403e6e6c6a2614b13144c4dd949fe1	2022-09-02T03:34:50+02:00	Onion V4 release candidate (#120)	cores-onionos	https://github.com/libretro/bk-emulator.git	master	-	Makefile.libretro	-	https://github.com/libretro/bk-emulator.git	master	-	Makefile.libretro	platform=armv
bluemsx	yes	yes	A	prefer_onion_version	SVN	blueMSX	8b8e41e636b3c8779f19c639dde8e294a098c0c5ebc3a42ca112b197b6018504	ba4ba05d7b403e6e6c6a2614b13144c4dd949fe1	2022-09-02T03:34:50+02:00	Onion V4 release candidate (#120)	cores-onionos	https://github.com/libretro/blueMSX-libretro.git	master	-	Makefile.libretro	-	https://github.com/libretro/blueMSX-libretro.git	master	-	Makefile.libretro	platform=armv
cannonball	yes	yes	O	prefer_onion_version	1.0	Cannonball	b97adcb1fe3dcc5806af7aed629338b4e6e60370dae973701a711f70b0be0263	ba4ba05d7b403e6e6c6a2614b13144c4dd949fe1	2022-09-02T03:34:50+02:00	Onion V4 release candidate (#120)	cores-onionos	https://github.com/libretro/cannonball.git	master	-	Makefile	-	https://github.com/libretro/cannonball.git	master	-	Makefile	platform=armv
cap32	yes	yes	O	prefer_onion_version	v4.2.0	Caprice32	c8bb6294220bbf088879114f2c445e592efa9d6bcf34ca13ee9e90f1108df844	faea11bc9516fd1ba9701fe01a8dabe4e8a7d246	2024-12-23T15:09:08+01:00	Update core: Caprice32 (includes screen crop option) (#1727)	cores-onionos	https://github.com/libretro/libretro-cap32.git	master	-	Makefile	-	https://github.com/libretro/libretro-cap32.git	master	-	Makefile	platform=armv
chailove	yes	yes	O	prefer_onion_version	1.2.1	ChaiLove	8b9beccc12ce04415422350c9cd2277d10af069be345c1b7103b51970b185fa8	13fc96b75695ac6941aed1c9b9fa2cc3b4374182	2023-12-17T01:01:49+00:00	Feat: new cores & core updates (#1322)	cores-onionos	https://github.com/libretro/libretro-chailove.git	master	-	Makefile	-	https://github.com/libretro/libretro-chailove.git	master	-	Makefile	platform=armv
chimerasnes	yes	yes	O	prefer_onion_version	-	ChimeraSNES	8d88ff89b027297320bff838f63d3cae29c66a2b4b7dfe25ea000a75f7b05cff	05d35cc340cf7ac946f30d2eb080cd8694a0d3d4	2023-04-02T11:34:07+02:00	Adding ChimeraSNES libretro core (0542329)	cores-onionos	https://github.com/jamsilva/chimerasnes.git	master	-	Makefile	-	https://github.com/jamsilva/chimerasnes.git	master	-	Makefile	platform=armv
crocods	yes	yes	O	prefer_onion_version	v1	CrocoDS	3bb522313b33bef25968275c245ea45983de890275a899ba7f75770a3d9ce1ab	13fc96b75695ac6941aed1c9b9fa2cc3b4374182	2023-12-17T01:01:49+00:00	Feat: new cores & core updates (#1322)	cores-onionos	https://github.com/libretro/libretro-crocods.git	master	-	Makefile	-	https://github.com/libretro/libretro-crocods.git	master	-	Makefile	platform=armv
daphne	yes	yes	O	prefer_onion_version	Git	Daphne	4c27eb95eb43169f1650b081e5628113cd96a46ed47d564ef596400f7b9303b4	ba4ba05d7b403e6e6c6a2614b13144c4dd949fe1	2022-09-02T03:34:50+02:00	Onion V4 release candidate (#120)	cores-onionos	https://github.com/libretro/daphne.git	master	-	Makefile	-	https://github.com/libretro/daphne.git	master	-	Makefile	platform=armv
dinothawr	yes	yes	O	prefer_onion_version	v1.0	Dinothawr	4b93dc1552f997e468cd0142a6f3783d5c72eea6d8a12cef67dbbebeefbdf877	ba4ba05d7b403e6e6c6a2614b13144c4dd949fe1	2022-09-02T03:34:50+02:00	Onion V4 release candidate (#120)	cores-onionos	https://github.com/libretro/Dinothawr.git	master	-	Makefile	-	https://github.com/libretro/Dinothawr.git	master	-	Makefile	platform=armv
dosbox_pure	yes	yes	A	prefer_onion_version	0.21	DOSBox Pure 0.21	e1332037c9e3c871c71ec72783e2aaacc37dd30b6ad6e629b69ab944b6d5cf5f	8a605d52462627ddd3349eb825f13aed9d8b70a9	2022-12-12T01:20:04+01:00	Core updates (#624)	-	-	-	-	-	-	https://github.com/libretro/dosbox-pure.git	master	-	Makefile	platform=armv
dosbox_pure_0.9.7	yes	no	-	missing_from_plumos	0.9.7	DOSBox Pure 0.9.7	3cf2a6cb81df769f65b7e97a3ca7eb740644fcd78ceb8231f3750f8bf8fa2b7c	8a605d52462627ddd3349eb825f13aed9d8b70a9	2022-12-12T01:20:04+01:00	Core updates (#624)	-	-	-	-	-	-	-	-	-	-	-
easyrpg	yes	yes	A	prefer_onion_version	0.8.0.0	EasyRPG Player	9ce2f485cb52fb1148e745eaf54d35114d53d90b964d9e1b090bb24dd82cde35	d937d44f4beb4d682cf20ac50a062d6eab8c9880	2023-05-29T11:38:24+02:00	Dev v4.2.0 beta 3 (#835)	cores-onionos	https://github.com/EasyRPG/Player.git	master	build	Makefile	-	https://github.com/EasyRPG/Player.git	master	-	Makefile.libretro	platform=unix
ecwolf	yes	yes	O	prefer_onion_version	-	ECWolf	63f7d2bbd8c1bbe6be5cd5cbfb54986ec9dbb89ec286381ec59385706335d461	8a605d52462627ddd3349eb825f13aed9d8b70a9	2022-12-12T01:20:04+01:00	Core updates (#624)	cores-onionos	https://github.com/libretro/ecwolf.git	master	src/libretro	Makefile	-	https://github.com/libretro/ecwolf.git	master	src/libretro	Makefile	platform=armv
fake08	yes	yes	A	prefer_onion_version	v0.0.2.19	FAKE-08	1537ce580e2c14e8eafed0317a053d54b8edce9ee403e412d5be596e774d65ce	4741519129270c61aae7b51607432cd30131811e	2023-09-03T05:41:06+00:00	FEAT: Updated fake08 (pico8 core) to commit aebd6b9 (#1087)	-	-	-	-	-	-	https://github.com/jtothebell/fake-08.git	master	platform/libretro	Makefile	platform=unix
fbalpha2012	yes	yes	A	prefer_onion_version	v0.2.97.29	FB Alpha 2012	4e9e4d9001b43b2049acffbae281aea8d323e43ffbd0aa459d00064451ff1c2f	ba4ba05d7b403e6e6c6a2614b13144c4dd949fe1	2022-09-02T03:34:50+02:00	Onion V4 release candidate (#120)	cores-onionos	https://github.com/libretro/fbalpha2012.git	master	svn-current/trunk	makefile.libretro	-	https://github.com/libretro/fbalpha2012.git	master	svn-current/trunk	makefile.libretro	platform=armv
fbalpha2012_cps1	yes	yes	O	prefer_onion_version	v0.2.97.28	FB Alpha 2012 CPS-1	1bd0732c50feae47566e9068a2c3f14e0e1ce164c03da890534f5b82860b22d0	ba4ba05d7b403e6e6c6a2614b13144c4dd949fe1	2022-09-02T03:34:50+02:00	Onion V4 release candidate (#120)	cores-onionos	https://github.com/libretro/fbalpha2012_cps1.git	master	-	makefile.libretro	-	https://github.com/libretro/fbalpha2012_cps1.git	master	-	makefile.libretro	platform=armv
fbalpha2012_cps2	yes	yes	O	prefer_onion_version	v0.2.97.28	FB Alpha 2012 CPS-2	2d26c0fdbdf90c95a615be5343573d8db3bc7c9c3bf8a61812462268808b149d	ba4ba05d7b403e6e6c6a2614b13144c4dd949fe1	2022-09-02T03:34:50+02:00	Onion V4 release candidate (#120)	cores-onionos	https://github.com/libretro/fbalpha2012_cps2.git	master	-	makefile.libretro	-	https://github.com/libretro/fbalpha2012_cps2.git	master	-	makefile.libretro	platform=armv
fbalpha2012_cps3	yes	no	-	missing_from_plumos	v0.2.97.29	FB Alpha 2012 CPS-3	2b9cf8de9403a99f61ed1f77d517d13f965f12f3339e64da7ef557e8693787ea	ba4ba05d7b403e6e6c6a2614b13144c4dd949fe1	2022-09-02T03:34:50+02:00	Onion V4 release candidate (#120)	-	-	-	-	-	-	-	-	-	-	-
fbalpha2012_neogeo	yes	yes	O	prefer_onion_version	v0.2.97.29	FB Alpha 2012 Neo Geo	41e69f350175f6aea167bc1159b61177daafed448745fafd87ba7a3f4adcd5ba	ba4ba05d7b403e6e6c6a2614b13144c4dd949fe1	2022-09-02T03:34:50+02:00	Onion V4 release candidate (#120)	cores-onionos	https://github.com/libretro/fbalpha2012_neogeo.git	master	-	Makefile	-	https://github.com/libretro/fbalpha2012_neogeo.git	master	-	Makefile	platform=armv
fbneo	yes	yes	A	prefer_onion_version	v1.0.0.01	FinalBurn Neo	f7dd532ce7a4a7603c570f8b74c3d81d0c661f2a61ad5c3a70a1441dac88e8ba	ba4ba05d7b403e6e6c6a2614b13144c4dd949fe1	2022-09-02T03:34:50+02:00	Onion V4 release candidate (#120)	cores-onionos	https://github.com/libretro/FBNeo.git	master	src/burner/libretro	Makefile	-	https://github.com/libretro/FBNeo.git	master	src/burner/libretro	Makefile	platform=armv
fceumm	yes	yes	A	prefer_onion_version	SVN	FCEUmm	0392a4123a4e1f23457f2bb324d78ae3674ee61d4e33978065ff0a005d00d7bb	ba4ba05d7b403e6e6c6a2614b13144c4dd949fe1	2022-09-02T03:34:50+02:00	Onion V4 release candidate (#120)	cores-onionos	https://github.com/libretro/libretro-fceumm.git	master	-	Makefile.libretro	-	https://github.com/libretro/libretro-fceumm.git	master	-	Makefile.libretro	platform=armv7-hardfloat-neon HAVE_NEON=1 ARCH=arm BUILTIN_GPU=neon
fmsx	yes	yes	A	prefer_onion_version	6.0	fMSX	b6c1cbafbe9067cd82d252b3e4b930d680eb05c9e791ecbe3ed95e4b03e6a039	ba4ba05d7b403e6e6c6a2614b13144c4dd949fe1	2022-09-02T03:34:50+02:00	Onion V4 release candidate (#120)	cores-onionos	https://github.com/libretro/fmsx-libretro.git	master	-	Makefile	-	https://github.com/libretro/fmsx-libretro.git	master	-	Makefile	platform=armv
freechaf	yes	yes	O	prefer_onion_version	GIT	FreeChaF	a4f358ca01a19c280773f331dc2bd8e20ad7f6e622c7b71ca4e9b5a2a2a6c5fc	ba4ba05d7b403e6e6c6a2614b13144c4dd949fe1	2022-09-02T03:34:50+02:00	Onion V4 release candidate (#120)	cores-onionos	https://github.com/libretro/FreeChaF.git	master	-	Makefile	-	https://github.com/libretro/FreeChaF.git	master	-	Makefile	platform=armv
freeintv	yes	yes	O	prefer_onion_version	2018.1.5	FreeIntv	e4ff5438282d3e98fcf668200abd9cdfa81257b0917e4dd91e098707bdb33292	ba4ba05d7b403e6e6c6a2614b13144c4dd949fe1	2022-09-02T03:34:50+02:00	Onion V4 release candidate (#120)	cores-onionos	https://github.com/libretro/FreeIntv.git	master	-	Makefile	-	https://github.com/libretro/FreeIntv.git	master	-	Makefile	platform=armv
frodo	yes	yes	O	prefer_onion_version	v4.2	Frodo	0e8a613e71632135f4dcd80fb7fe797134e198c3b8e8422d379db74304136986	ccd1074651b01bed4e621015516b37746f75f784	2023-10-17T18:21:23+00:00	FEAT: Adding new cores + .info files cleaning (#1175)	cores-onionos	https://github.com/libretro/frodo-libretro.git	master	-	Makefile	-	https://github.com/libretro/frodo-libretro.git	master	-	Makefile	platform=armv
fuse	yes	yes	O	prefer_onion_version	1.6.0	Fuse	c95a2b18cb9a346f9fbd95634e4d20e8c934f92464087640b1cf5617abd39892	d937d44f4beb4d682cf20ac50a062d6eab8c9880	2023-05-29T11:38:24+02:00	Dev v4.2.0 beta 3 (#835)	cores-onionos	https://github.com/libretro/fuse-libretro.git	master	-	Makefile	-	https://github.com/libretro/fuse-libretro.git	master	-	Makefile	platform=armv
gambatte	yes	yes	A	prefer_onion_version	v0.5.0	Gambatte	2a11f633f52b4bdea5ddb37eb787082f0c0fc8a7862eecf7be7a3151c414484f	d937d44f4beb4d682cf20ac50a062d6eab8c9880	2023-05-29T11:38:24+02:00	Dev v4.2.0 beta 3 (#835)	cores-onionos	https://github.com/libretro/gambatte-libretro.git	master	-	Makefile	-	https://github.com/libretro/gambatte-libretro.git	master	-	Makefile.libretro	platform=classic_armv7_a7
gearboy	yes	yes	O	prefer_onion_version	3.2.0	Gearboy	455c4ab1928955f244229987fb5ed4a5d4b1aa7fccf25a2b1aea4b2f08eb0780	ba4ba05d7b403e6e6c6a2614b13144c4dd949fe1	2022-09-02T03:34:50+02:00	Onion V4 release candidate (#120)	cores-onionos	https://github.com/drhelius/Gearboy.git	master	platforms/libretro	Makefile	-	https://github.com/drhelius/Gearboy.git	master	platforms/libretro	Makefile	platform=armv
gearsystem	yes	yes	O	prefer_onion_version	3.2.0	Gearsystem	f59325cf5d8a48016d4628c411096934096317c01d19f20c9ec89decfc0ffc0f	ba4ba05d7b403e6e6c6a2614b13144c4dd949fe1	2022-09-02T03:34:50+02:00	Onion V4 release candidate (#120)	cores-onionos	https://github.com/drhelius/Gearsystem.git	master	platforms/libretro	Makefile	-	https://github.com/drhelius/Gearsystem.git	master	platforms/libretro	Makefile	platform=armv
genesis_plus_gx	yes	yes	A	prefer_onion_version	v1.7.4	Genesis Plus GX	d759d47e147c90d4ecf5713705462cef3801235e3fe48e2d34aca8c80549f11d	ba4ba05d7b403e6e6c6a2614b13144c4dd949fe1	2022-09-02T03:34:50+02:00	Onion V4 release candidate (#120)	cores-onionos	https://github.com/libretro/Genesis-Plus-GX.git	master	-	Makefile.libretro	-	https://github.com/libretro/Genesis-Plus-GX.git	master	-	Makefile.libretro	platform=classic_armv7_a7
gme	yes	yes	O	prefer_onion_version	Git	Game Music Emu	322211bd361d071032483adf72e2f8078c147cb7b77faf84fd5340af8edd76ae	6b686be602ad43a2e8da102ea449b2e377380f31	2023-02-02T01:43:52+01:00	"Adding ""Game Music Emu"" core  in experimental section (635b1e9)"	cores-onionos	https://github.com/libretro/libretro-gme.git	master	-	Makefile	-	https://github.com/libretro/libretro-gme.git	master	-	Makefile	platform=armv
gong	yes	no	-	missing_from_plumos	1.0	Gong	9dca35a37f6a25e643cad3904db48f4e507d7fb282fe0279fa2b1a1dd7f86892	ccd1074651b01bed4e621015516b37746f75f784	2023-10-17T18:21:23+00:00	FEAT: Adding new cores + .info files cleaning (#1175)	-	-	-	-	-	-	-	-	-	-	-
gpsp	yes	yes	A	prefer_onion_version	Git	gpSP	519e19c015a27ac82ca32f026c9f0c58b407ce31e4512495de19bd1828452587	970aaef0c8786d42a085aafc0b7490bffccbd1c2	2026-01-21T00:55:58+01:00	Update gpSP to latest (#1889)	cores-onionos-special	https://github.com/libretro/gpsp.git	master	-	Makefile	-	https://github.com/libretro/gpsp.git	master	-	Makefile	platform=classic_armv7_a7
gw	yes	yes	A	prefer_onion_version	Git	GW	057aefd116eb523ac0024da983cba103c17176ab4b086a5a67f1946df05e1f85	ba4ba05d7b403e6e6c6a2614b13144c4dd949fe1	2022-09-02T03:34:50+02:00	Onion V4 release candidate (#120)	cores-onionos	https://github.com/libretro/gw-libretro.git	master	-	Makefile	-	https://github.com/libretro/gw-libretro.git	master	-	Makefile	platform=armv
handy	yes	yes	A	prefer_onion_version	0.95	Handy	426eb73bc02899818dd810fdfe2b8484ac1491f0b33023759ae898326847bb46	ba4ba05d7b403e6e6c6a2614b13144c4dd949fe1	2022-09-02T03:34:50+02:00	Onion V4 release candidate (#120)	cores-onionos	https://github.com/libretro/libretro-handy.git	master	-	Makefile	-	https://github.com/libretro/libretro-handy.git	master	-	Makefile	platform=classic_armv7_a7
hatari	yes	yes	O	prefer_onion_version	1.8	Hatari	38b632e2a7a52999c3e6b838b0730dbbbef5036654139bc8be7752e8a31ef862	ba4ba05d7b403e6e6c6a2614b13144c4dd949fe1	2022-09-02T03:34:50+02:00	Onion V4 release candidate (#120)	cores-onionos	https://github.com/libretro/hatari.git	master	-	Makefile.libretro	-	https://github.com/libretro/hatari.git	master	-	Makefile.libretro	platform=armv
km_duckswanstation_xtreme_amped	yes	no	-	missing_from_plumos	v0.1	DuckSwanStation Xtreme Amped	c807ca6e7fc8430895e06a4b8a0849f3b2ec38f09e742a52b460780f3ddbae8c	13fc96b75695ac6941aed1c9b9fa2cc3b4374182	2023-12-17T01:01:49+00:00	Feat: new cores & core updates (#1322)	-	-	-	-	-	-	-	-	-	-	-
km_mame2003_xtreme	yes	no	-	missing_from_plumos	2K21	MAME 2003 Xtreme (2K21)	f3b7a0b189a3652aabc2a45383805e464bef0d78248998d0eb1b37fa8879e773	8a605d52462627ddd3349eb825f13aed9d8b70a9	2022-12-12T01:20:04+01:00	Core updates (#624)	-	-	-	-	-	-	-	-	-	-	-
km_puae_xtreme_amped	yes	no	-	missing_from_plumos	v2.6.1	P-UAE Xtreme Amped	c8b4a014a5de03ecfd5fb23d58647f0b1e66d6954f07e408dcb258d12b334986	13fc96b75695ac6941aed1c9b9fa2cc3b4374182	2023-12-17T01:01:49+00:00	Feat: new cores & core updates (#1322)	-	-	-	-	-	-	-	-	-	-	-
km_superbroswar	yes	no	-	missing_from_plumos	v0.1	superbroswar	711c871ba9fbde32161393d4d119fa59c1c8d4fe43d5db29618da4612095216e	13fc96b75695ac6941aed1c9b9fa2cc3b4374182	2023-12-17T01:01:49+00:00	Feat: new cores & core updates (#1322)	-	-	-	-	-	-	-	-	-	-	-
lowresnx	yes	yes	O	prefer_onion_version	v1.2	lowresnx	1bef849210c787a740355d28cbf6dc65a9d9fa2d89f62e24734bc8818e169abf	ccd1074651b01bed4e621015516b37746f75f784	2023-10-17T18:21:23+00:00	FEAT: Adding new cores + .info files cleaning (#1175)	cores-onionos	https://github.com/timoinutilis/lowres-nx.git	retroarch	platform/LibRetro	Makefile	-	https://github.com/timoinutilis/lowres-nx.git	retroarch	platform/LibRetro	Makefile	platform=armv
lutro	yes	yes	O	prefer_onion_version	v1	Lutro	42ab5ac2d1bd07e067afd27ff122c174783df123bea141811620380dfd874930	13fc96b75695ac6941aed1c9b9fa2cc3b4374182	2023-12-17T01:01:49+00:00	Feat: new cores & core updates (#1322)	cores-onionos	https://github.com/libretro/libretro-lutro	master	-	Makefile	-	https://github.com/libretro/libretro-lutro.git	master	-	Makefile	platform=armv
mame2000	yes	yes	O	prefer_onion_version	0.37b5	MAME 2000 (0.37b5)	eb6816b4c25c7d288b8849f9f2f5d5848eba940d2328819c749c3e3edd433580	ba4ba05d7b403e6e6c6a2614b13144c4dd949fe1	2022-09-02T03:34:50+02:00	Onion V4 release candidate (#120)	cores-onionos	https://github.com/libretro/mame2000-libretro.git	master	-	Makefile	-	https://github.com/libretro/mame2000-libretro.git	master	-	Makefile	platform=armv
mame2003_plus	yes	yes	A	prefer_onion_version	2003-Plus	MAME 2003-Plus	fc20db7388939fd312f6368a605778700e37f8d8ea27963a42a6d84eae17e10c	2bed8027e10e2df700982438e3cda737ba289f89	2022-11-09T23:21:33+01:00	Schmurtzm onion4.x cores updates (#603)	cores-onionos	https://github.com/libretro/mame2003-plus-libretro.git	master	-	Makefile	-	https://github.com/libretro/mame2003-plus-libretro.git	master	-	Makefile	platform=armv
mba_mini	yes	no	-	missing_from_plumos	705854e	M.B.A-mini (705854e)	2c44cb8690209800ce51c0ce414c5a8c127959202c2f6f8fcfc9583cfba0dbcb	2bed8027e10e2df700982438e3cda737ba289f89	2022-11-09T23:21:33+01:00	Schmurtzm onion4.x cores updates (#603)	-	-	-	-	-	-	-	-	-	-	-
mednafen_gba	yes	yes	O	prefer_onion_version	v0.9.36	Beetle GBA	200045e977c3143dbd5343735a7518709eea4bc9fedaaca50c6eb048f8704663	ba4ba05d7b403e6e6c6a2614b13144c4dd949fe1	2022-09-02T03:34:50+02:00	Onion V4 release candidate (#120)	cores-onionos	https://github.com/libretro/beetle-gba-libretro.git	master	-	Makefile	-	https://github.com/libretro/beetle-gba-libretro.git	master	-	Makefile	platform=armv
mednafen_lynx	yes	yes	A	prefer_onion_version	v1.24.0	Beetle Lynx	e0827674808e9b97402a998044bfc1e8da0c503296a7b66c62a04fda0e91aec7	ba4ba05d7b403e6e6c6a2614b13144c4dd949fe1	2022-09-02T03:34:50+02:00	Onion V4 release candidate (#120)	cores-onionos	https://github.com/libretro/beetle-lynx-libretro.git	master	-	Makefile	-	https://github.com/libretro/beetle-lynx-libretro.git	master	-	Makefile	platform=classic_armv7_a7
mednafen_ngp	yes	yes	A	prefer_onion_version	v0.9.36.1	Beetle NeoPop	67053bd4cd1ef5e7688daa1a9d47b28c25feb362e954650aa5b367e605951740	ba4ba05d7b403e6e6c6a2614b13144c4dd949fe1	2022-09-02T03:34:50+02:00	Onion V4 release candidate (#120)	cores-onionos	https://github.com/libretro/beetle-ngp-libretro.git	master	-	Makefile	-	https://github.com/libretro/beetle-ngp-libretro.git	master	-	Makefile	platform=classic_armv7_a7
mednafen_pce	yes	yes	O	prefer_onion_version	v0.9.38.7	Beetle PCE	ed4842a47a88543e4a37b782f2949fce98d7c5bce3c67e148a9aa065a97f244a	ccd1074651b01bed4e621015516b37746f75f784	2023-10-17T18:21:23+00:00	FEAT: Adding new cores + .info files cleaning (#1175)	cores-onionos	https://github.com/libretro/beetle-pce-libretro.git	master	-	Makefile	-	https://github.com/libretro/beetle-pce-libretro.git	master	-	Makefile	platform=armv
mednafen_pce_fast	yes	yes	A	prefer_onion_version	v0.9.38.7	Beetle PCE Fast	3fb9f11e26a267f79e74084ab666e206f7154bcef9c492ab5930053a61eda5ed	ba4ba05d7b403e6e6c6a2614b13144c4dd949fe1	2022-09-02T03:34:50+02:00	Onion V4 release candidate (#120)	cores-onionos	https://github.com/libretro/beetle-pce-fast-libretro.git	master	-	Makefile	-	https://github.com/libretro/beetle-pce-fast-libretro.git	master	-	Makefile	platform=classic_armv7_a7
mednafen_pcfx	yes	yes	O	prefer_onion_version	v0.9.33.3	Beetle PC-FX	cd1fed0cc49f3d24cb6299b88293f7b1b603314a671790461a9ae0ea3656d7cb	ba4ba05d7b403e6e6c6a2614b13144c4dd949fe1	2022-09-02T03:34:50+02:00	Onion V4 release candidate (#120)	cores-onionos	https://github.com/libretro/beetle-pcfx-libretro.git	master	-	Makefile	-	https://github.com/libretro/beetle-pcfx-libretro.git	master	-	Makefile	platform=armv
mednafen_supafaust	yes	yes	O	prefer_onion_version	1.29.0	Beetle Supafaust	5905469e957a8bc52f1c2f20d0d3a3a83501427985d3c6ffff96b8c86054bd4a	43d7ab722a7a2136357e10be1e5ea3a542143768	2023-02-03T02:39:14+01:00	SNES cores updates	cores-onionos	https://github.com/libretro/supafaust.git	master	-	Makefile	-	https://github.com/libretro/supafaust.git	master	-	Makefile	platform=armv
mednafen_supergrafx	yes	yes	A	prefer_onion_version	v1.23.0	Beetle SuperGrafx	699242ce0253efb51f4a80c8198650225dadd14cc5a397f12fd05dc6e368981a	ba4ba05d7b403e6e6c6a2614b13144c4dd949fe1	2022-09-02T03:34:50+02:00	Onion V4 release candidate (#120)	cores-onionos	https://github.com/libretro/beetle-supergrafx-libretro.git	master	-	Makefile	-	https://github.com/libretro/beetle-supergrafx-libretro.git	master	-	Makefile	platform=classic_armv7_a7
mednafen_vb	yes	yes	B	prefer_onion_version	v0.9.36.1	Beetle VB	f9ef7914b646d669cd0a5a6b3d03d03d18da4fbf3b53a82250a08a460cb79902	8a605d52462627ddd3349eb825f13aed9d8b70a9	2022-12-12T01:20:04+01:00	Core updates (#624)	cores-onionos	https://github.com/libretro/beetle-vb-libretro.git	master	-	Makefile	-	https://github.com/libretro/beetle-vb-libretro.git	162918f06d9a705330b2ba128e0d3b65fd1a1bcc	-	Makefile	platform=classic_armv7_a7
mednafen_wswan	yes	yes	A	prefer_onion_version	v0.9.35.1	Beetle WonderSwan	fffa9486f98f53d29c109f3f1965d45f0544f194a6dbd43899df8b57b0e043bf	ba4ba05d7b403e6e6c6a2614b13144c4dd949fe1	2022-09-02T03:34:50+02:00	Onion V4 release candidate (#120)	cores-onionos	https://github.com/libretro/beetle-wswan-libretro.git	master	-	Makefile	-	https://github.com/libretro/beetle-wswan-libretro.git	master	-	Makefile	platform=classic_armv7_a7
meteor	yes	yes	O	prefer_onion_version	v1.4	Meteor	030dd5bf7c1483d399eb0ee2788ba3b3bf7f8a2b311a6a8bb7f4d349b6d6a583	ba4ba05d7b403e6e6c6a2614b13144c4dd949fe1	2022-09-02T03:34:50+02:00	Onion V4 release candidate (#120)	cores-onionos	https://github.com/libretro/meteor-libretro.git	master	libretro	Makefile	-	https://github.com/libretro/meteor-libretro.git	master	libretro	Makefile	platform=armv
mgba	yes	yes	A	prefer_onion_version	-	mGBA	74aa27c12ff677bb84eb265e03f686aec439f3ae8621511e61c7eb23bb9a170c	8a605d52462627ddd3349eb825f13aed9d8b70a9	2022-12-12T01:20:04+01:00	Core updates (#624)	cores-onionos	https://github.com/libretro/mgba.git	master	-	Makefile.libretro	-	https://github.com/libretro/mgba.git	master	-	Makefile.libretro	platform=unix
mrboom	yes	yes	O	prefer_onion_version	3.1	Mr.Boom	ff9ee7b4f001babe246ca30e56406691d4980a47609f8fcd679145a8ee50404a	ba4ba05d7b403e6e6c6a2614b13144c4dd949fe1	2022-09-02T03:34:50+02:00	Onion V4 release candidate (#120)	cores-onionos	https://github.com/libretro/mrboom-libretro.git	master	-	Makefile	-	https://github.com/libretro/mrboom-libretro.git	master	-	Makefile	platform=armv
mu	yes	yes	O	prefer_onion_version	v1.1.0	Mu	2bf955abc6000888121a3eda0b238ae2d87a39b6434f403a892c27394e8b45ea	ba4ba05d7b403e6e6c6a2614b13144c4dd949fe1	2022-09-02T03:34:50+02:00	Onion V4 release candidate (#120)	cores-onionos	https://github.com/libretro/Mu.git	master	libretroBuildSystem	Makefile	-	https://github.com/libretro/Mu.git	master	libretroBuildSystem	Makefile	platform=armv
nekop2	yes	yes	O	prefer_onion_version	0.86	Neko Project II	4a33d3ed12c2af96df43a82a13c593f94d51121c83c50d325726d2fd9584ea46	ba4ba05d7b403e6e6c6a2614b13144c4dd949fe1	2022-09-02T03:34:50+02:00	Onion V4 release candidate (#120)	cores-onionos	https://github.com/libretro/libretro-meowPC98.git	master	libretro	Makefile.libretro	-	https://github.com/libretro/libretro-meowPC98.git	master	libretro	Makefile.libretro	platform=armv
neocd	yes	yes	A	prefer_onion_version	2019	NeoCD	46c8d20e05ea79837f9d53c5c84f882ed7b67efb0c5e0a9d183cba220ba10157	ba4ba05d7b403e6e6c6a2614b13144c4dd949fe1	2022-09-02T03:34:50+02:00	Onion V4 release candidate (#120)	cores-onionos	https://github.com/libretro/neocd_libretro.git	master	-	Makefile	-	https://github.com/libretro/neocd_libretro.git	master	-	Makefile	platform=unix USE_LTO=0
nestopia	yes	yes	A	prefer_onion_version	v1.47-WIP	Nestopia	f012a7efd5e544efa1dc94ab0d32785036a2a0aabdc6cc72b002ec5d77f6dce7	ba4ba05d7b403e6e6c6a2614b13144c4dd949fe1	2022-09-02T03:34:50+02:00	Onion V4 release candidate (#120)	cores-onionos	https://github.com/libretro/nestopia.git	master	libretro	Makefile	-	https://github.com/libretro/nestopia.git	master	libretro	Makefile	platform=classic_armv7_a7
np2kai	yes	yes	B	prefer_onion_version	0.86	Neko Project II Kai	2c11210a1e37d9c14b076d2f37386aaf7a74339cfd651047573c0a043a58c1b5	b6fe44d844589f72bea87264a64ae67458223d8a	2023-02-02T01:16:23+01:00	"Adding ""Neko Project II Kai"" (56535cd)"	cores-onionos	https://github.com/libretro/NP2kai.git	master	sdl	Makefile.libretro	-	https://github.com/libretro/NP2kai.git	master	sdl	Makefile.libretro	platform=rpi2 NP2KAI_VERSION=latest
numero	yes	yes	O	prefer_onion_version	v1.0	Numero	bdae7f114014abe0484da7c8e753cb64b6e693c9263655d544039c6a1d7484d2	f8b0375bb5a26e130e1950a959fb3b25deb80a9a	2023-04-03T04:11:33+02:00	Adding numero libretro core (19354c9)	cores-onionos	https://github.com/nbarkhina/numero.git	master	-	Makefile	-	https://github.com/nbarkhina/numero.git	master	-	Makefile	platform=armv
nxengine	yes	yes	O	prefer_onion_version	1.0.0.6	NXEngine	04301632ef12c2b4e96a48606a52d06e532fb82a8bba94cdab490e4e804a1e9b	ba4ba05d7b403e6e6c6a2614b13144c4dd949fe1	2022-09-02T03:34:50+02:00	Onion V4 release candidate (#120)	cores-onionos	https://github.com/libretro/nxengine-libretro.git	master	-	Makefile	-	https://github.com/libretro/nxengine-libretro.git	master	-	Makefile	platform=armv
o2em	yes	yes	A	prefer_onion_version	1.18	O2EM	ef6576a559f9946773d552a8f3b0b5acb7733e41ec5ea090895a7e888b77d4e6	ba4ba05d7b403e6e6c6a2614b13144c4dd949fe1	2022-09-02T03:34:50+02:00	Onion V4 release candidate (#120)	cores-onionos	https://github.com/libretro/libretro-o2em.git	master	-	Makefile	-	https://github.com/libretro/libretro-o2em.git	master	-	Makefile	platform=armv
opera	yes	yes	O	prefer_onion_version	1.0.0	Opera	c08bdc32d12c6a2c743cb7746eeed418a08049f145d4362469b2ba51acf020d8	ba4ba05d7b403e6e6c6a2614b13144c4dd949fe1	2022-09-02T03:34:50+02:00	Onion V4 release candidate (#120)	cores-onionos	https://github.com/libretro/opera-libretro.git	master	-	Makefile	-	https://github.com/libretro/opera-libretro.git	master	-	Makefile	platform=armv
pcsx_rearmed	yes	yes	A	prefer_onion_version	r21	PCSX-ReARMed	c04586c281bb843f288d1e2215176a5f544d3db05396f1a20d9c6b84f31793f7	114109a5bbed156fda36e6392bcf78327d770ccb	2023-01-04T00:30:52+01:00	update pcsx	cores-onionos-special	https://github.com/libretro/pcsx_rearmed.git	master	-	Makefile.libretro	DYNAREC=ari64 HAVE_NEON=1 BUILTIN_GPU=neon	https://github.com/libretro/pcsx_rearmed.git	master	-	Makefile.libretro	platform=armv7-hardfloat-neon DYNAREC=ari64 HAVE_NEON=1 BUILTIN_GPU=neon
picodrive	yes	yes	A	prefer_onion_version	1.91	PicoDrive	2752ea5687aeb61b5fa058a29a0d3750b41c1b13d7e6ed6f18504a434bddddc4	ba4ba05d7b403e6e6c6a2614b13144c4dd949fe1	2022-09-02T03:34:50+02:00	Onion V4 release candidate (#120)	cores-onionos	https://github.com/libretro/picodrive.git	master	-	Makefile.libretro	-	https://github.com/libretro/picodrive.git	master	-	Makefile.libretro	platform=classic_armv7_a7
pokemini	yes	yes	A	prefer_onion_version	v0.60	PokeMini	7607f75f52656c97df2c4e56f0c342f6f66600998415d48eecf098328ed6421b	ba4ba05d7b403e6e6c6a2614b13144c4dd949fe1	2022-09-02T03:34:50+02:00	Onion V4 release candidate (#120)	cores-onionos	https://github.com/libretro/PokeMini.git	master	-	Makefile	-	https://github.com/libretro/PokeMini.git	master	-	Makefile	platform=armv
potator	yes	yes	A	prefer_onion_version	1.0.5	Potator	f4177ea0aae9375be11e03f1bfdfce9893c7100944699a21ca009f04ebba3a9e	ba4ba05d7b403e6e6c6a2614b13144c4dd949fe1	2022-09-02T03:34:50+02:00	Onion V4 release candidate (#120)	-	-	-	-	-	-	https://github.com/libretro/potator.git	master	platform/libretro	Makefile	platform=armv
prboom	yes	yes	A	prefer_onion_version	v2.5.0	PrBoom	364e8c5c3560b54de9eebee7cd1c29dfe0395c10d5db152f653322e914ef42e2	ba4ba05d7b403e6e6c6a2614b13144c4dd949fe1	2022-09-02T03:34:50+02:00	Onion V4 release candidate (#120)	cores-onionos	https://github.com/libretro/libretro-prboom.git	master	-	Makefile	-	https://github.com/libretro/libretro-prboom.git	master	-	Makefile	platform=armv
prosystem	yes	yes	A	prefer_onion_version	1.3e	ProSystem	80567a2984d13c310bcbb3dffb66b3a9dd772baa95b5fcf8272681af1db4328b	ba4ba05d7b403e6e6c6a2614b13144c4dd949fe1	2022-09-02T03:34:50+02:00	Onion V4 release candidate (#120)	cores-onionos	https://github.com/libretro/prosystem-libretro.git	master	-	Makefile	-	https://github.com/libretro/prosystem-libretro.git	master	-	Makefile	platform=armv
puae	yes	yes	O	prefer_onion_version	v4.9.1	PUAE	d32348d726e4371b7fdf63e686598269b97efa6bd8db79214e563b4ed02a163e	4624e0684383245e293855f7ef329487e946168b	2023-01-10T01:57:44+01:00	restoring puae	cores-onionos	https://github.com/libretro/libretro-uae.git	master	-	Makefile	-	https://github.com/libretro/libretro-uae.git	master	-	Makefile	platform=armv
puae2021	yes	no	-	missing_from_plumos	v2.6.1	PUAE 2021	b62b2e1529ed6506995bbbc0f0b9048648b38ce0a82fb67a2f2aaeff59c9d5b3	2bed8027e10e2df700982438e3cda737ba289f89	2022-11-09T23:21:33+01:00	Schmurtzm onion4.x cores updates (#603)	-	-	-	-	-	-	-	-	-	-	-
puzzlescript	yes	no	-	missing_from_plumos	-	puzzlescript	bcc75dbe9877ec4bad399ced4feef4297c10d10f2780368b240a02e63da989c7	13fc96b75695ac6941aed1c9b9fa2cc3b4374182	2023-12-17T01:01:49+00:00	Feat: new cores & core updates (#1322)	-	-	-	-	-	-	-	-	-	-	-
px68k	yes	yes	B	prefer_onion_version	0.15+	PX68k	54d0d787dce95a59bd4bb86cae195cd1c43405619c3421eff5ff944576c11fda	ba4ba05d7b403e6e6c6a2614b13144c4dd949fe1	2022-09-02T03:34:50+02:00	Onion V4 release candidate (#120)	cores-onionos	https://github.com/libretro/px68k-libretro.git	master	-	Makefile.libretro	-	https://github.com/libretro/px68k-libretro.git	master	-	Makefile.libretro	platform=armv
quasi88	yes	yes	B	prefer_onion_version	0.6.4	QUASI88	83153b9b01648e8222f5736779ce70bb691ae652560be8e16564ddb58095a522	ba4ba05d7b403e6e6c6a2614b13144c4dd949fe1	2022-09-02T03:34:50+02:00	Onion V4 release candidate (#120)	cores-onionos	https://github.com/libretro/quasi88-libretro.git	master	-	Makefile	-	https://github.com/libretro/quasi88-libretro.git	master	-	Makefile	platform=armv
quicknes	no	yes	A	plumos_only_latest	Git	QuickNES	-	-	-	-	cores-onionos	https://github.com/libretro/QuickNES_Core.git	master	-	Makefile	-	https://github.com/libretro/QuickNES_Core.git	HEAD	-	Makefile	platform=classic_armv7_a7
reminiscence	yes	yes	O	prefer_onion_version	0.3.6	REminiscence	ad6c16a8513e01b0eb988280fed2dcbcb514eb20259b274406f6bb99fd809f81	ba4ba05d7b403e6e6c6a2614b13144c4dd949fe1	2022-09-02T03:34:50+02:00	Onion V4 release candidate (#120)	cores-onionos	https://github.com/libretro/REminiscence.git	master	-	Makefile	-	https://github.com/libretro/REminiscence.git	master	-	Makefile	platform=armv
retro8	yes	yes	A	prefer_onion_version	Git	Retro8	1c02c4e2bdbe05b472ff2f65da49b4312bc97def48830615a8d3380e5014b83c	ba4ba05d7b403e6e6c6a2614b13144c4dd949fe1	2022-09-02T03:34:50+02:00	Onion V4 release candidate (#120)	-	-	-	-	-	-	https://github.com/libretro/retro8.git	master	-	Makefile	platform=unix
sameduck	yes	no	-	missing_from_plumos	git	SameDuck	49b622ea9b19454244f61e1c60022a3a3c76296a1c85256e9d80a54e12889f36	ba4ba05d7b403e6e6c6a2614b13144c4dd949fe1	2022-09-02T03:34:50+02:00	Onion V4 release candidate (#120)	-	-	-	-	-	-	-	-	-	-	-
scummvm	yes	yes	A	prefer_onion_version	2.7.0	ScummVM	dee2e1c6b5a76b3702651acbd9d13763c58dc77440d84fc755c003c3fb5d61d1	2bed8027e10e2df700982438e3cda737ba289f89	2022-11-09T23:21:33+01:00	Schmurtzm onion4.x cores updates (#603)	cores-onionos	https://github.com/libretro/scummvm.git	master	backends/platform/libretro/build	Makefile	-	https://github.com/libretro/scummvm.git	master	-	Makefile	platform=armv
snes9x	yes	yes	A	prefer_onion_version	1.61	Snes9x	cc29502cedb70a39f4182777874ffe8d4e0c57ad2194bd9ee1a1c337a45d9bb2	43d7ab722a7a2136357e10be1e5ea3a542143768	2023-02-03T02:39:14+01:00	SNES cores updates	cores-onionos	https://github.com/libretro/snes9x.git	master	libretro	Makefile	-	https://github.com/libretro/snes9x.git	master	libretro	Makefile	platform=armv LTO=
snes9x2002	yes	yes	O	prefer_onion_version	7.2.0	Snes9x 2002	0791ca6ad01d82ceedc88f338eaa382414bb3bc8eec927b5be8b4f05e06f93e3	ba4ba05d7b403e6e6c6a2614b13144c4dd949fe1	2022-09-02T03:34:50+02:00	Onion V4 release candidate (#120)	cores-onionos	https://github.com/libretro/snes9x2002.git	master	-	Makefile	-	https://github.com/libretro/snes9x2002.git	master	-	Makefile	platform=armv
snes9x2005	yes	yes	A	prefer_onion_version	v1.36	Snes9x 2005	3a9b2c88a5028eb544ef43c2f3a7b368ce5d65da82d0283c41b3c188e605e8f0	43d7ab722a7a2136357e10be1e5ea3a542143768	2023-02-03T02:39:14+01:00	SNES cores updates	cores-onionos	https://github.com/libretro/snes9x2005.git	master	-	Makefile	-	https://github.com/libretro/snes9x2005.git	master	-	Makefile	platform=armv7-hardfloat-neon HAVE_NEON=1 ARCH=arm BUILTIN_GPU=neon
snes9x2005_plus	yes	yes	O	prefer_onion_version	v1.36	Snes9x 2005 Plus	4d9af8745c736659e81e9d7a4a62eee4622d7896ff01cd2a45d0db6cfe6a95c6	43d7ab722a7a2136357e10be1e5ea3a542143768	2023-02-03T02:39:14+01:00	SNES cores updates	cores-onionos	https://github.com/libretro/snes9x2005.git	master	-	Makefile	USE_BLARGG_APU=1	https://github.com/libretro/snes9x2005.git	master	-	Makefile	platform=armv USE_BLARGG_APU=1
snes9x2010	yes	yes	O	prefer_onion_version	v1.52.4	Snes9x 2010	862ee31422bffd8a5579ae81486a576ec95f7c77c089f97b3490e5b476ba89c4	43d7ab722a7a2136357e10be1e5ea3a542143768	2023-02-03T02:39:14+01:00	SNES cores updates	cores-onionos	https://github.com/libretro/snes9x2010.git	master	-	Makefile.libretro	-	https://github.com/libretro/snes9x2010.git	master	-	Makefile.libretro	platform=armv
squirreljme	yes	yes	O	prefer_onion_version	0.4.0	SquirrelJME	1c4693d1906ce813b082e85eab30f54caa46ede63d6b0199796a0ba6886beaa4	ba4ba05d7b403e6e6c6a2614b13144c4dd949fe1	2022-09-02T03:34:50+02:00	Onion V4 release candidate (#120)	cores-onionos	https://github.com/XerTheSquirrel/SquirrelJME.git	trunk	ratufacoat	makefilelibretro	-	https://github.com/XerTheSquirrel/SquirrelJME.git	trunk	ratufacoat	makefilelibretro	platform=armv
stella2014	yes	yes	A	prefer_onion_version	3.9.3	Stella 2014	55bc9ecc69534ca6e3bae51131ebd217887827198929ebe431cfa64abdcb33bb	ba4ba05d7b403e6e6c6a2614b13144c4dd949fe1	2022-09-02T03:34:50+02:00	Onion V4 release candidate (#120)	cores-onionos	https://github.com/libretro/stella2014-libretro.git	master	-	Makefile	-	https://github.com/libretro/stella2014-libretro.git	master	-	Makefile	platform=armv
tgbdual	yes	yes	O	prefer_onion_version	v0.8.3	TGB Dual	931b12d3fb48677169441440217cbdf17a1773153ae1a032449557a33ab25f5d	d937d44f4beb4d682cf20ac50a062d6eab8c9880	2023-05-29T11:38:24+02:00	Dev v4.2.0 beta 3 (#835)	cores-onionos	https://github.com/libretro/tgbdual-libretro.git	master	-	Makefile	-	https://github.com/libretro/tgbdual-libretro.git	master	-	Makefile	platform=armv
theodore	yes	yes	O	prefer_onion_version	Git	theodore	4155be0cc4784e90399c159ee2fb502f9da2d940f9db5970019e2a9ee5255f5a	ba4ba05d7b403e6e6c6a2614b13144c4dd949fe1	2022-09-02T03:34:50+02:00	Onion V4 release candidate (#120)	cores-onionos	https://github.com/Zlika/theodore.git	master	-	Makefile	-	https://github.com/Zlika/theodore.git	master	-	Makefile	platform=armv
tic80	yes	yes	A	prefer_onion_version	0.80.0	TIC-80	71f491188538a38cb31bc7dad253d655ca3435155d6c2b28dc848d2f197acc8d	ba4ba05d7b403e6e6c6a2614b13144c4dd949fe1	2022-09-02T03:34:50+02:00	Onion V4 release candidate (#120)	cores-onionos	https://github.com/nesbox/TIC-80.git	master	builddir	Makefile	-DBUILD_PLAYER=OFF -DBUILD_SOKOL=OFF -DBUILD_SDL=OFF -DBUILD_DEMO_CARTS=OFF -DBUILD_LIBRETRO=ON	https://github.com/nesbox/TIC-80.git	master	build/libretro	Makefile	platform=unix
tyrquake	yes	yes	O	prefer_onion_version	v0.62	TyrQuake	2ffb27bec4fefaf5f461ec826290deb93e42965ded4502fcf0063cbd2e16e074	ba4ba05d7b403e6e6c6a2614b13144c4dd949fe1	2022-09-02T03:34:50+02:00	Onion V4 release candidate (#120)	cores-onionos	https://github.com/libretro/tyrquake.git	master	-	Makefile	-	https://github.com/libretro/tyrquake.git	master	-	Makefile	platform=armv
uae4arm	yes	no	-	missing_from_plumos	v0.5	UAE4ARM	0239969188d36a643653922db2fb28194ccf3a8f9e2f2bb2da761021eaddf3eb	ba4ba05d7b403e6e6c6a2614b13144c4dd949fe1	2022-09-02T03:34:50+02:00	Onion V4 release candidate (#120)	-	-	-	-	-	-	-	-	-	-	-
uw8	yes	yes	O	prefer_onion_version	0.2.2	MicroW8	604a63f139032a79863425e6fc1d2d410f0d07e0c7bff57b788f8f9d832da323	3d09a9585a6fd654f33d7a127d4377d207c5de6a	2023-04-02T00:30:25+02:00	Adding uw8 libretro core v0.2.2 / MicroW8 (9bae6bd)	cores-onionos	https://github.com/libretro/uw8-libretro.git	main	-	Makefile	-	https://github.com/libretro/uw8-libretro.git	main	-	Makefile	platform=unix
uzem	yes	yes	O	prefer_onion_version	-	uzem	82c8535a0abe0ba4de88444bf50a7a5d72e649d3ad1f124028603a1a04792bbe	ba4ba05d7b403e6e6c6a2614b13144c4dd949fe1	2022-09-02T03:34:50+02:00	Onion V4 release candidate (#120)	cores-onionos	https://github.com/libretro/libretro-uzem.git	master	-	Makefile	-	https://github.com/libretro/libretro-uzem.git	master	-	Makefile	platform=armv
vba_next	yes	yes	O	prefer_onion_version	SVN	VBA Next	588082a141e588d2a0d491a5bbda2e7216875e579681805e19596b9e2cc0fb19	ba4ba05d7b403e6e6c6a2614b13144c4dd949fe1	2022-09-02T03:34:50+02:00	Onion V4 release candidate (#120)	cores-onionos	https://github.com/libretro/vba-next.git	master	-	Makefile.libretro	-	https://github.com/libretro/vba-next.git	master	-	Makefile.libretro	platform=armv
vbam	yes	yes	O	prefer_onion_version	2.1.0	VBA-M	aa503eec35c21f406a5d67bf6a79531f77f42469571a2bdadb271de27402ebfa	ba4ba05d7b403e6e6c6a2614b13144c4dd949fe1	2022-09-02T03:34:50+02:00	Onion V4 release candidate (#120)	cores-onionos	https://github.com/libretro/vbam-libretro.git	master	src/libretro	Makefile	-	https://github.com/libretro/vbam-libretro.git	master	src/libretro	Makefile	platform=armv
vecx	yes	yes	A	prefer_onion_version	SVN	vecx	4e29450ba3bfc915fb5d23ff53c370fabf8d87c4944a5ec189218dbde8b4540e	ba4ba05d7b403e6e6c6a2614b13144c4dd949fe1	2022-09-02T03:34:50+02:00	Onion V4 release candidate (#120)	cores-onionos	https://github.com/libretro/libretro-vecx.git	master	-	Makefile.libretro	-	https://github.com/libretro/libretro-vecx.git	master	-	Makefile.libretro	platform=armv HAS_GPU=0
vemulator	yes	yes	O	prefer_onion_version	0.1	VeMUlator	c9b79cd07f2978df6abc582945d4a4e01bcc884f0d795d3c36c545675c8d9859	ba4ba05d7b403e6e6c6a2614b13144c4dd949fe1	2022-09-02T03:34:50+02:00	Onion V4 release candidate (#120)	cores-onionos	https://github.com/libretro/vemulator-libretro.git	master	-	Makefile	-	https://github.com/libretro/vemulator-libretro.git	master	-	Makefile	platform=armv
vice_x64	yes	yes	O	prefer_onion_version	3.5	VICE x64	f1205cabc0f9ea3750647132d8904814bb7abdb9383fbb8d9b4c9642608f442e	2bed8027e10e2df700982438e3cda737ba289f89	2022-11-09T23:21:33+01:00	Schmurtzm onion4.x cores updates (#603)	cores-onionos	https://github.com/libretro/vice-libretro.git	master	-	Makefile	-	https://github.com/libretro/vice-libretro.git	master	-	Makefile	platform=armv
vice_xvic	yes	yes	O	prefer_onion_version	3.5	VICE xvic	8180c9d23662ae2bddc5db8f8fd8939d41a6b581ccb16393d106936d075bb3fe	29293036a9eb3e059716be921ff5bcd9210c8369	2022-10-26T20:58:19+02:00	Emu config fixes - PSX requires cue files - FBNeo moved to verified - VIC20 added to verified - C64 moved to verified - Icon locations fixed - Box art paths fixed	cores-onionos	https://github.com/libretro/vice-libretro.git	master	-	Makefile	EMUTYPE=xvic	https://github.com/libretro/vice-libretro.git	master	-	Makefile	platform=armv EMUTYPE=xvic
virtualjaguar	yes	yes	O	prefer_onion_version	v2.1.0	Virtual Jaguar	1e196c1fc84b7aa1fb00f261463e0619241026c11093fcc9c7465c86ffb13525	ba4ba05d7b403e6e6c6a2614b13144c4dd949fe1	2022-09-02T03:34:50+02:00	Onion V4 release candidate (#120)	cores-onionos	https://github.com/libretro/virtualjaguar-libretro.git	master	-	Makefile	-	https://github.com/libretro/virtualjaguar-libretro.git	master	-	Makefile	platform=armv
x1	yes	yes	O	prefer_onion_version	0.60	x1	fb522bea33b9dc52a8ad4b3d89508e2332fe341ff0be2f956cea2cc39428eb18	ba4ba05d7b403e6e6c6a2614b13144c4dd949fe1	2022-09-02T03:34:50+02:00	Onion V4 release candidate (#120)	cores-onionos	https://github.com/libretro/xmil-libretro.git	master	libretro	Makefile.libretro	-	https://github.com/libretro/xmil-libretro.git	master	libretro	Makefile.libretro	platform=armv
xrick	yes	yes	O	prefer_onion_version	1.0.0.6	XRick	0934ae013133b9f1572d3ae23f0cda882255c5c45d21d4d3e1ab25172097744b	ba4ba05d7b403e6e6c6a2614b13144c4dd949fe1	2022-09-02T03:34:50+02:00	Onion V4 release candidate (#120)	cores-onionos	https://github.com/libretro/xrick-libretro.git	master	-	Makefile	-	https://github.com/libretro/xrick-libretro.git	master	-	Makefile	platform=armv
